borough,date,count
MANHATTAN,2018-05-06,30
BROOKLYN,2018-01-29,35
QUEENS,2018-03-08,34
BROOKLYN,2018-03-14,43
MANHATTAN,2018-03-25,21
STATEN ISLAND,2018-04-05,8
STATEN ISLAND,2018-04-28,19
STATEN ISLAND,2018-05-24,5
STATEN ISLAND,2018-06-27,9
BRONX,2018-09-27,24
BROOKLYN,2018-12-03,22
MANHATTAN,2018-12-06,57
QUEENS,2018-12-17,5
BROOKLYN,2019-03-16,39
QUEENS,2019-03-26,9
STATEN ISLAND,2019-04-01,2
BRONX,2019-04-22,27
MANHATTAN,2019-05-24,107
BROOKLYN,2019-07-02,13
BROOKLYN,2019-07-11,62
QUEENS,2019-07-14,23
STATEN ISLAND,2019-10-08,45
MANHATTAN,2019-11-27,115
BROOKLYN,2019-12-26,29
BROOKLYN,2018-08-03,76
QUEENS,2018-08-28,9
MANHATTAN,2018-12-16,9
QUEENS,2019-01-04,34
BROOKLYN,2019-03-30,48
BRONX,2019-04-09,22
MANHATTAN,2019-06-19,77
STATEN ISLAND,2019-07-05,4
BRONX,2019-07-11,59
STATEN ISLAND,2019-07-23,15
QUEENS,2019-09-02,4
BRONX,2019-09-09,52
BROOKLYN,2019-10-18,32
BROOKLYN,2019-10-23,38
BROOKLYN,2018-01-28,44
MANHATTAN,2018-02-02,77
BRONX,2018-02-18,41
BROOKLYN,2018-02-27,45
STATEN ISLAND,2018-01-03,10
STATEN ISLAND,2018-01-20,8
STATEN ISLAND,2018-02-02,12
QUEENS,2018-05-24,46
BRONX,2018-06-23,66
BROOKLYN,2018-09-04,27
QUEENS,2018-09-07,26
BRONX,2018-09-20,41
BRONX,2018-10-06,56
MANHATTAN,2018-11-17,42
MANHATTAN,2019-01-12,32
BRONX,2019-01-14,30
BROOKLYN,2019-03-17,36
BROOKLYN,2019-03-19,107
MANHATTAN,2019-03-20,70
BRONX,2019-05-23,103
BROOKLYN,2019-06-20,40
BRONX,2019-06-29,45
BROOKLYN,2019-09-14,23
QUEENS,2019-10-10,15
STATEN ISLAND,2019-11-02,2
BROOKLYN,2019-11-24,30
STATEN ISLAND,2019-11-24,5
MANHATTAN,2018-02-13,80
MANHATTAN,2018-02-19,129
BROOKLYN,2018-03-08,36
QUEENS,2018-03-16,48
STATEN ISLAND,2018-06-22,1
STATEN ISLAND,2018-07-03,6
MANHATTAN,2018-07-04,37
QUEENS,2018-07-28,17
STATEN ISLAND,2018-09-03,11
BROOKLYN,2018-11-17,38
MANHATTAN,2018-12-11,67
BROOKLYN,2019-02-14,26
MANHATTAN,2019-02-20,104
BRONX,2019-03-31,47
STATEN ISLAND,2019-04-12,7
BROOKLYN,2019-06-27,24
QUEENS,2019-07-15,103
QUEENS,2019-09-01,9
STATEN ISLAND,2018-08-05,32
QUEENS,2018-09-03,14
BROOKLYN,2018-10-24,83
STATEN ISLAND,2018-11-18,3
QUEENS,2018-11-28,21
BRONX,2019-01-31,15
BROOKLYN,2019-05-04,51
MANHATTAN,2019-05-16,21
STATEN ISLAND,2019-08-11,7
STATEN ISLAND,2019-10-06,8
QUEENS,2019-12-01,9
STATEN ISLAND,2018-01-31,3
STATEN ISLAND,2018-02-27,3
MANHATTAN,2018-03-04,26
BROOKLYN,2018-03-26,25
QUEENS,2018-05-09,61
BRONX,2018-07-10,28
QUEENS,2018-02-20,22
QUEENS,2018-03-24,26
MANHATTAN,2018-04-06,70
BRONX,2018-09-15,53
BRONX,2019-01-02,44
MANHATTAN,2019-01-04,74
BROOKLYN,2019-01-22,93
QUEENS,2019-05-10,41
QUEENS,2019-06-14,28
MANHATTAN,2019-06-15,25
BROOKLYN,2019-06-18,12
MANHATTAN,2019-09-09,65
STATEN ISLAND,2019-09-17,1
MANHATTAN,2018-03-12,71
BROOKLYN,2018-05-25,41
QUEENS,2018-06-14,22
BRONX,2018-07-17,94
STATEN ISLAND,2018-08-22,3
MANHATTAN,2018-11-19,67
QUEENS,2018-11-20,13
STATEN ISLAND,2019-01-10,12
QUEENS,2019-01-23,28
BROOKLYN,2019-04-08,83
STATEN ISLAND,2019-05-01,4
QUEENS,2019-05-05,7
MANHATTAN,2019-05-30,74
MANHATTAN,2019-07-13,19
MANHATTAN,2019-12-14,14
QUEENS,2018-07-21,18
BRONX,2018-08-18,56
MANHATTAN,2018-12-05,84
MANHATTAN,2018-12-14,46
MANHATTAN,2019-01-25,48
QUEENS,2019-01-28,20
BROOKLYN,2019-02-10,25
STATEN ISLAND,2019-04-08,2
BROOKLYN,2019-05-28,72
BRONX,2019-06-02,42
MANHATTAN,2019-06-10,29
BRONX,2019-07-02,74
BRONX,2019-08-15,72
BRONX,2019-10-17,17
STATEN ISLAND,2019-11-08,3
MANHATTAN,2019-11-18,22
STATEN ISLAND,2019-12-10,1
MANHATTAN,2019-12-12,131
BRONX,2018-01-29,22
BROOKLYN,2018-02-21,38
BRONX,2018-02-23,42
STATEN ISLAND,2018-03-26,17
QUEENS,2018-05-27,28
MANHATTAN,2018-01-09,55
BROOKLYN,2018-03-25,59
STATEN ISLAND,2018-03-30,7
BRONX,2018-04-28,68
BRONX,2018-05-13,50
MANHATTAN,2018-07-24,116
STATEN ISLAND,2018-10-07,17
BROOKLYN,2018-10-20,54
BRONX,2019-01-16,32
MANHATTAN,2019-02-23,44
QUEENS,2019-03-16,14
BRONX,2019-05-10,42
STATEN ISLAND,2019-06-27,7
BRONX,2019-08-10,64
QUEENS,2019-09-06,108
BRONX,2019-11-28,12
BROOKLYN,2019-12-11,16
QUEENS,2018-01-03,35
BRONX,2018-02-22,35
BROOKLYN,2018-03-27,53
MANHATTAN,2018-04-20,41
MANHATTAN,2018-04-23,86
STATEN ISLAND,2018-06-05,4
BROOKLYN,2018-07-16,41
QUEENS,2018-09-19,25
BRONX,2018-11-10,37
BROOKLYN,2018-12-30,32
BRONX,2019-02-07,58
MANHATTAN,2019-03-04,137
BROOKLYN,2019-03-12,110
QUEENS,2019-03-25,22
BRONX,2019-05-16,22
BROOKLYN,2019-06-05,88
MANHATTAN,2019-06-21,46
STATEN ISLAND,2019-07-11,14
MANHATTAN,2019-09-23,7
MANHATTAN,2019-12-27,10
QUEENS,2018-03-18,35
BRONX,2018-08-17,48
BRONX,2018-10-16,33
STATEN ISLAND,2018-10-17,4
BROOKLYN,2018-11-11,41
BRONX,2018-11-12,65
QUEENS,2018-12-04,44
BROOKLYN,2019-02-11,33
STATEN ISLAND,2019-02-17,4
BRONX,2019-02-26,38
BROOKLYN,2019-04-01,95
QUEENS,2019-04-23,24
BRONX,2019-06-07,51
BROOKLYN,2019-09-01,35
BRONX,2019-09-26,27
BROOKLYN,2019-10-16,28
STATEN ISLAND,2019-11-30,2
QUEENS,2018-02-28,27
QUEENS,2018-04-03,57
BRONX,2018-04-10,45
BRONX,2018-05-12,80
MANHATTAN,2018-02-12,98
MANHATTAN,2018-02-26,112
MANHATTAN,2018-04-19,141
QUEENS,2018-05-19,20
STATEN ISLAND,2018-05-18,4
BRONX,2018-06-17,39
BRONX,2018-06-27,37
STATEN ISLAND,2018-07-07,6
BROOKLYN,2018-08-25,75
MANHATTAN,2018-09-10,48
MANHATTAN,2018-10-29,73
QUEENS,2018-12-13,19
BRONX,2018-12-17,35
QUEENS,2018-12-21,10
BROOKLYN,2019-02-03,36
BRONX,2019-06-01,60
BROOKLYN,2019-09-19,63
QUEENS,2019-09-28,23
BROOKLYN,2019-10-24,50
BROOKLYN,2019-12-03,13
BRONX,2019-12-12,19
BROOKLYN,2019-12-17,7
QUEENS,2019-12-22,19
MANHATTAN,2018-07-11,165
QUEENS,2018-08-08,33
MANHATTAN,2018-08-19,21
QUEENS,2018-09-06,18
STATEN ISLAND,2018-10-12,6
QUEENS,2018-12-03,28
QUEENS,2018-12-08,39
BROOKLYN,2018-12-17,35
BRONX,2019-01-04,44
STATEN ISLAND,2019-04-10,23
BROOKLYN,2019-04-23,108
QUEENS,2019-07-31,50
QUEENS,2019-08-04,33
MANHATTAN,2019-08-29,42
MANHATTAN,2019-10-12,24
QUEENS,2019-11-05,4
BROOKLYN,2019-11-11,24
BRONX,2018-01-09,54
MANHATTAN,2018-03-14,63
MANHATTAN,2018-04-14,39
QUEENS,2018-06-06,90
BRONX,2018-06-15,97
MANHATTAN,2018-06-24,26
BRONX,2018-07-22,54
QUEENS,2018-08-09,12
MANHATTAN,2018-09-29,30
BRONX,2018-10-05,37
BRONX,2018-10-12,27
BROOKLYN,2018-11-03,48
MANHATTAN,2019-02-13,90
BROOKLYN,2019-03-06,58
BRONX,2019-03-07,40
QUEENS,2019-04-24,26
MANHATTAN,2019-06-25,48
BROOKLYN,2019-10-30,18
QUEENS,2019-11-12,3
BRONX,2019-12-20,25
BROOKLYN,2018-09-01,68
BROOKLYN,2018-09-06,43
MANHATTAN,2018-12-01,21
MANHATTAN,2018-12-09,21
BRONX,2019-05-22,99
QUEENS,2019-06-20,92
BRONX,2019-07-26,40
QUEENS,2019-08-19,2
BRONX,2019-08-25,21
BROOKLYN,2018-01-10,74
QUEENS,2018-02-11,25
QUEENS,2018-04-01,19
BRONX,2018-06-05,36
MANHATTAN,2018-02-01,74
BRONX,2018-02-11,57
BROOKLYN,2018-03-03,53
BRONX,2018-03-21,36
STATEN ISLAND,2018-04-19,7
BRONX,2018-05-19,44
BROOKLYN,2018-06-02,79
QUEENS,2018-06-17,11
MANHATTAN,2018-06-30,60
MANHATTAN,2018-08-02,68
QUEENS,2018-08-14,25
STATEN ISLAND,2018-09-10,8
BROOKLYN,2018-11-01,64
STATEN ISLAND,2018-12-03,2
BROOKLYN,2018-12-22,24
QUEENS,2019-01-02,29
BROOKLYN,2019-02-17,37
BRONX,2019-03-30,39
MANHATTAN,2019-04-19,78
STATEN ISLAND,2019-05-06,5
BROOKLYN,2019-05-18,43
BROOKLYN,2019-06-12,110
MANHATTAN,2019-08-02,102
BRONX,2019-10-23,43
MANHATTAN,2019-11-10,8
STATEN ISLAND,2018-02-13,8
QUEENS,2018-09-30,14
MANHATTAN,2019-01-07,11
QUEENS,2019-01-29,29
BRONX,2019-05-24,98
BRONX,2019-06-26,44
MANHATTAN,2019-07-23,129
MANHATTAN,2019-08-03,21
QUEENS,2019-09-20,57
BRONX,2018-07-01,88
BROOKLYN,2018-09-07,40
BROOKLYN,2018-09-24,19
BRONX,2018-09-29,60
QUEENS,2018-10-30,115
STATEN ISLAND,2018-11-11,5
MANHATTAN,2019-01-15,64
QUEENS,2019-03-29,27
QUEENS,2019-07-19,51
MANHATTAN,2019-09-08,23
BRONX,2019-10-03,41
BRONX,2018-04-15,53
BROOKLYN,2018-06-06,35
BROOKLYN,2018-06-22,36
MANHATTAN,2018-01-01,18
BRONX,2018-01-25,65
MANHATTAN,2018-02-07,99
STATEN ISLAND,2018-02-24,1
QUEENS,2018-03-12,21
QUEENS,2018-04-25,43
BRONX,2018-08-14,39
MANHATTAN,2018-08-30,46
MANHATTAN,2018-09-25,5
MANHATTAN,2018-10-07,19
QUEENS,2019-02-03,23
MANHATTAN,2019-04-10,84
MANHATTAN,2019-04-22,42
BRONX,2019-06-19,60
MANHATTAN,2019-07-09,132
BRONX,2019-09-21,76
STATEN ISLAND,2019-10-15,1
BROOKLYN,2019-11-08,44
MANHATTAN,2018-11-09,69
STATEN ISLAND,2018-11-12,2
BRONX,2019-01-23,36
STATEN ISLAND,2019-01-25,32
MANHATTAN,2019-01-27,52
BRONX,2019-03-10,29
BRONX,2019-04-11,27
STATEN ISLAND,2019-06-02,5
QUEENS,2019-06-07,20
STATEN ISLAND,2019-06-24,4
MANHATTAN,2019-08-08,126
QUEENS,2019-10-14,11
STATEN ISLAND,2019-11-20,28
BRONX,2019-12-09,39
BROOKLYN,2019-12-10,13
MANHATTAN,2019-12-11,129
MANHATTAN,2018-03-02,39
BRONX,2018-03-28,62
BROOKLYN,2018-04-12,54
BROOKLYN,2018-05-23,20
QUEENS,2018-01-26,28
QUEENS,2018-03-13,16
BROOKLYN,2018-04-10,70
QUEENS,2018-07-10,40
STATEN ISLAND,2018-10-02,3
BROOKLYN,2018-11-29,38
QUEENS,2019-01-01,34
MANHATTAN,2019-02-07,253
STATEN ISLAND,2019-03-09,8
QUEENS,2019-03-27,9
QUEENS,2019-04-01,21
QUEENS,2019-04-20,28
MANHATTAN,2019-06-20,61
STATEN ISLAND,2019-06-26,4
QUEENS,2019-06-29,18
BRONX,2019-07-08,32
BROOKLYN,2019-07-10,17
BRONX,2019-07-14,55
MANHATTAN,2019-07-17,54
BRONX,2019-08-12,33
STATEN ISLAND,2019-09-09,2
QUEENS,2019-12-04,5
QUEENS,2019-12-08,18
STATEN ISLAND,2019-12-12,43
BROOKLYN,2019-12-22,13
BRONX,2018-07-23,50
QUEENS,2018-08-04,34
BRONX,2018-08-08,44
BROOKLYN,2018-08-28,54
QUEENS,2018-10-03,46
QUEENS,2018-10-19,25
BROOKLYN,2018-11-14,43
STATEN ISLAND,2019-02-01,8
BROOKLYN,2019-02-26,27
STATEN ISLAND,2019-03-20,3
BRONX,2019-04-25,60
STATEN ISLAND,2019-07-21,8
BROOKLYN,2019-07-28,62
QUEENS,2019-09-21,65
QUEENS,2019-09-26,3
STATEN ISLAND,2019-09-23,1
MANHATTAN,2019-10-28,76
BRONX,2019-12-10,51
BRONX,2018-02-05,48
BROOKLYN,2018-02-14,61
MANHATTAN,2018-02-17,51
MANHATTAN,2018-02-20,73
BRONX,2018-02-24,65
STATEN ISLAND,2018-03-05,4
QUEENS,2018-03-14,95
MANHATTAN,2018-01-25,95
QUEENS,2018-02-14,96
BROOKLYN,2018-04-20,45
STATEN ISLAND,2018-04-22,17
STATEN ISLAND,2018-10-01,4
BRONX,2018-10-25,19
BROOKLYN,2018-10-30,22
QUEENS,2018-11-12,17
BRONX,2018-11-20,41
BROOKLYN,2019-01-11,36
BROOKLYN,2019-01-16,98
MANHATTAN,2019-02-12,37
STATEN ISLAND,2019-03-08,6
MANHATTAN,2019-04-01,27
BRONX,2019-04-02,51
BRONX,2019-04-28,37
STATEN ISLAND,2019-05-19,5
QUEENS,2019-06-19,129
QUEENS,2019-08-02,56
BROOKLYN,2019-08-25,34
BRONX,2019-09-03,59
QUEENS,2019-10-27,10
MANHATTAN,2019-12-03,127
BRONX,2018-07-30,51
STATEN ISLAND,2018-07-22,24
BROOKLYN,2018-07-31,26
BRONX,2018-08-21,24
BROOKLYN,2018-05-06,83
BROOKLYN,2018-09-14,111
MANHATTAN,2018-10-12,57
QUEENS,2018-11-09,52
BROOKLYN,2018-11-25,27
BRONX,2018-12-05,26
STATEN ISLAND,2019-02-21,18
STATEN ISLAND,2019-03-04,2
QUEENS,2019-05-19,27
BROOKLYN,2019-08-01,52
BROOKLYN,2019-08-28,84
BRONX,2019-09-15,47
MANHATTAN,2019-09-15,24
STATEN ISLAND,2019-10-03,29
MANHATTAN,2019-12-21,212
QUEENS,2018-01-30,17
BROOKLYN,2018-02-22,32
MANHATTAN,2018-06-22,59
BRONX,2018-07-13,61
BROOKLYN,2018-01-31,29
QUEENS,2018-02-09,54
BRONX,2018-03-10,72
MANHATTAN,2018-05-07,119
BROOKLYN,2018-05-17,37
STATEN ISLAND,2018-06-10,10
MANHATTAN,2018-09-09,19
MANHATTAN,2018-12-17,54
MANHATTAN,2019-05-31,20
QUEENS,2019-09-14,35
QUEENS,2019-12-03,48
MANHATTAN,2018-06-06,63
QUEENS,2018-09-01,36
BROOKLYN,2018-10-26,27
STATEN ISLAND,2018-10-26,9
BRONX,2018-12-15,26
STATEN ISLAND,2018-12-21,3
BROOKLYN,2019-01-12,85
MANHATTAN,2019-04-02,170
BRONX,2019-05-07,53
STATEN ISLAND,2019-07-20,2
BROOKLYN,2019-10-09,57
STATEN ISLAND,2019-11-07,2
STATEN ISLAND,2018-01-15,5
BRONX,2018-02-27,47
MANHATTAN,2018-05-03,119
BROOKLYN,2018-05-15,49
QUEENS,2018-06-16,32
QUEENS,2018-07-03,20
QUEENS,2018-08-20,15
QUEENS,2018-10-24,10
BRONX,2018-12-25,10
STATEN ISLAND,2019-01-26,9
BRONX,2019-03-09,35
BRONX,2019-03-23,32
STATEN ISLAND,2019-04-11,9
STATEN ISLAND,2019-04-25,9
BROOKLYN,2019-06-23,36
BRONX,2019-07-29,28
STATEN ISLAND,2019-08-08,11
STATEN ISLAND,2019-09-06,2
MANHATTAN,2019-10-20,12
BRONX,2019-12-06,35
STATEN ISLAND,2019-12-14,7
BRONX,2018-01-27,68
QUEENS,2018-02-23,28
BROOKLYN,2018-03-16,67
BRONX,2018-07-02,39
STATEN ISLAND,2018-08-13,6
STATEN ISLAND,2018-12-15,16
QUEENS,2018-12-16,8
MANHATTAN,2019-01-02,70
MANHATTAN,2019-01-06,83
BRONX,2019-01-13,47
MANHATTAN,2019-02-28,78
QUEENS,2019-03-30,18
MANHATTAN,2019-04-11,44
BROOKLYN,2019-04-21,21
BROOKLYN,2019-07-24,24
STATEN ISLAND,2019-07-31,3
BRONX,2019-08-29,34
BRONX,2019-09-27,48
QUEENS,2019-10-21,47
QUEENS,2019-11-17,10
BRONX,2019-11-18,6
QUEENS,2019-11-26,7
QUEENS,2019-12-10,24
STATEN ISLAND,2019-12-23,3
QUEENS,2019-12-31,17
STATEN ISLAND,2018-06-25,4
STATEN ISLAND,2018-07-11,20
MANHATTAN,2018-09-21,64
BROOKLYN,2018-09-22,57
QUEENS,2018-11-23,11
QUEENS,2018-12-02,28
BRONX,2018-12-04,17
BRONX,2019-01-01,34
BRONX,2019-02-22,57
STATEN ISLAND,2019-05-15,5
BRONX,2019-05-20,92
MANHATTAN,2019-06-02,17
BROOKLYN,2019-08-03,32
QUEENS,2018-03-23,56
MANHATTAN,2018-03-26,89
STATEN ISLAND,2018-06-07,6
MANHATTAN,2018-07-01,21
QUEENS,2018-08-01,14
BROOKLYN,2018-09-03,25
STATEN ISLAND,2018-11-08,8
STATEN ISLAND,2018-11-21,3
QUEENS,2018-12-12,8
STATEN ISLAND,2018-12-18,12
BRONX,2019-03-01,27
BROOKLYN,2019-05-03,82
BROOKLYN,2019-06-07,77
BRONX,2019-10-18,31
MANHATTAN,2019-12-15,12
MANHATTAN,2018-01-08,41
QUEENS,2018-06-10,30
MANHATTAN,2018-07-20,22
STATEN ISLAND,2018-08-02,6
MANHATTAN,2018-09-13,107
BROOKLYN,2018-10-01,17
STATEN ISLAND,2018-10-10,12
MANHATTAN,2018-10-22,64
MANHATTAN,2018-12-24,9
QUEENS,2019-02-02,41
BRONX,2019-03-04,35
STATEN ISLAND,2019-03-14,6
QUEENS,2019-04-11,11
BRONX,2019-05-14,42
STATEN ISLAND,2019-05-25,14
QUEENS,2019-06-03,6
BROOKLYN,2019-06-21,56
QUEENS,2019-07-10,15
BRONX,2019-08-03,45
QUEENS,2019-09-22,9
BRONX,2019-09-29,31
BRONX,2019-10-30,99
MANHATTAN,2019-11-15,57
STATEN ISLAND,2019-12-18,2
STATEN ISLAND,2018-02-18,5
BRONX,2018-03-07,33
BRONX,2018-05-30,40
BRONX,2018-06-03,41
BROOKLYN,2018-07-01,44
MANHATTAN,2018-09-01,42
QUEENS,2018-09-10,6
BRONX,2018-11-14,38
MANHATTAN,2018-11-14,92
BROOKLYN,2019-01-18,59
QUEENS,2019-02-15,18
STATEN ISLAND,2019-02-16,14
MANHATTAN,2019-03-21,68
STATEN ISLAND,2019-04-23,16
BRONX,2019-06-12,40
BRONX,2019-06-21,47
QUEENS,2019-08-08,27
QUEENS,2019-08-31,18
BROOKLYN,2018-09-11,56
BROOKLYN,2018-09-28,34
BROOKLYN,2018-11-07,57
MANHATTAN,2018-11-26,76
MANHATTAN,2019-01-23,75
STATEN ISLAND,2019-04-14,4
MANHATTAN,2019-06-12,65
MANHATTAN,2019-06-18,72
QUEENS,2019-06-27,98
MANHATTAN,2019-09-17,126
MANHATTAN,2019-11-17,19
MANHATTAN,2018-04-28,34
BROOKLYN,2018-05-01,96
BROOKLYN,2018-03-17,72
BRONX,2018-04-08,50
STATEN ISLAND,2018-10-25,3
BROOKLYN,2018-12-20,46
STATEN ISLAND,2019-02-05,4
QUEENS,2019-03-04,19
QUEENS,2019-03-08,100
QUEENS,2019-03-22,15
MANHATTAN,2019-03-28,37
QUEENS,2019-05-07,12
BRONX,2019-10-07,33
BROOKLYN,2018-02-09,58
BROOKLYN,2018-02-20,84
STATEN ISLAND,2018-02-26,11
QUEENS,2018-03-05,22
BROOKLYN,2018-03-05,33
MANHATTAN,2018-05-26,32
QUEENS,2018-06-23,26
QUEENS,2018-07-06,31
QUEENS,2018-07-30,18
QUEENS,2018-09-13,7
QUEENS,2018-09-14,34
MANHATTAN,2018-10-16,64
BRONX,2018-12-08,21
MANHATTAN,2018-12-19,80
BROOKLYN,2019-01-07,37
MANHATTAN,2019-01-24,90
BROOKLYN,2019-04-11,93
MANHATTAN,2019-04-28,9
BROOKLYN,2019-07-19,44
MANHATTAN,2019-11-01,48
BRONX,2019-12-07,40
MANHATTAN,2018-07-27,42
STATEN ISLAND,2018-09-27,4
BRONX,2018-12-14,23
BROOKLYN,2019-01-27,49
BRONX,2019-02-03,46
STATEN ISLAND,2019-02-11,4
BRONX,2019-04-03,49
STATEN ISLAND,2019-05-22,5
MANHATTAN,2019-09-27,17
MANHATTAN,2019-11-13,46
STATEN ISLAND,2018-02-03,4
BRONX,2018-02-26,60
STATEN ISLAND,2018-03-08,5
QUEENS,2018-03-11,33
BROOKLYN,2018-05-03,37
QUEENS,2018-05-05,37
BROOKLYN,2018-01-03,26
MANHATTAN,2018-01-03,44
BRONX,2018-03-02,28
QUEENS,2018-03-02,31
BRONX,2018-03-03,52
BROOKLYN,2018-03-07,21
MANHATTAN,2018-03-22,135
STATEN ISLAND,2018-04-17,2
BROOKLYN,2018-04-19,44
MANHATTAN,2018-05-30,90
QUEENS,2018-06-02,37
MANHATTAN,2018-06-08,62
MANHATTAN,2018-08-23,154
QUEENS,2018-10-26,12
BRONX,2019-01-03,70
BRONX,2019-03-05,64
QUEENS,2019-03-11,128
MANHATTAN,2019-03-13,93
MANHATTAN,2019-04-06,13
BRONX,2019-04-21,36
MANHATTAN,2019-05-03,24
STATEN ISLAND,2019-05-07,15
BROOKLYN,2019-06-04,102
BRONX,2019-06-16,30
MANHATTAN,2019-07-19,75
BRONX,2019-10-24,27
BRONX,2018-08-15,62
BROOKLYN,2018-09-21,45
MANHATTAN,2018-09-23,12
MANHATTAN,2019-01-26,41
MANHATTAN,2019-05-08,139
MANHATTAN,2019-06-05,66
MANHATTAN,2019-12-28,9
STATEN ISLAND,2018-01-23,6
MANHATTAN,2018-02-16,72
BROOKLYN,2018-04-09,61
BRONX,2018-04-24,85
STATEN ISLAND,2018-05-16,31
STATEN ISLAND,2018-01-19,8
BROOKLYN,2018-03-04,66
STATEN ISLAND,2018-03-28,6
STATEN ISLAND,2018-03-31,9
BROOKLYN,2018-04-14,54
BRONX,2018-05-29,38
MANHATTAN,2018-05-29,60
QUEENS,2018-06-28,20
BRONX,2018-07-15,66
STATEN ISLAND,2018-10-08,3
BROOKLYN,2018-11-16,123
BROOKLYN,2019-01-29,39
STATEN ISLAND,2019-03-15,3
BROOKLYN,2019-05-26,39
STATEN ISLAND,2019-08-28,1
STATEN ISLAND,2019-08-30,1
QUEENS,2019-11-24,9
QUEENS,2019-12-07,16
BRONX,2018-01-02,59
QUEENS,2018-01-27,31
BROOKLYN,2018-06-18,28
BRONX,2018-06-25,17
STATEN ISLAND,2018-07-02,5
BRONX,2018-07-14,84
MANHATTAN,2018-08-22,89
MANHATTAN,2018-09-03,15
BROOKLYN,2018-10-12,41
QUEENS,2018-10-20,30
BRONX,2018-12-10,17
BRONX,2018-12-22,38
QUEENS,2019-01-08,16
QUEENS,2019-02-08,34
MANHATTAN,2019-02-10,23
QUEENS,2019-02-19,15
QUEENS,2019-03-09,41
STATEN ISLAND,2019-03-10,7
QUEENS,2019-05-21,21
BROOKLYN,2019-05-29,62
QUEENS,2019-06-18,92
MANHATTAN,2019-06-24,45
BROOKLYN,2019-06-25,24
MANHATTAN,2019-06-30,19
BROOKLYN,2019-07-23,24
STATEN ISLAND,2019-12-04,21
MANHATTAN,2018-07-10,164
QUEENS,2018-07-22,16
BRONX,2018-07-31,28
BROOKLYN,2018-09-05,17
STATEN ISLAND,2018-09-09,7
MANHATTAN,2018-10-04,149
BROOKLYN,2018-12-14,33
STATEN ISLAND,2019-01-16,5
BROOKLYN,2019-03-24,31
BRONX,2019-06-27,49
MANHATTAN,2019-07-10,96
MANHATTAN,2019-07-14,28
BRONX,2019-07-18,34
QUEENS,2019-07-24,52
BROOKLYN,2019-08-09,107
QUEENS,2019-09-07,57
BRONX,2019-10-05,11
BRONX,2019-12-25,2
QUEENS,2019-12-30,4
BRONX,2018-01-16,36
QUEENS,2018-04-23,27
QUEENS,2018-05-08,76
MANHATTAN,2018-01-16,100
BRONX,2018-08-16,49
BRONX,2018-09-01,71
MANHATTAN,2018-09-07,105
BRONX,2018-10-21,34
BROOKLYN,2019-02-24,23
STATEN ISLAND,2019-08-07,1
MANHATTAN,2019-08-10,23
QUEENS,2019-08-23,6
BROOKLYN,2019-09-22,30
BROOKLYN,2019-10-29,18
BRONX,2019-11-06,88
BRONX,2019-11-09,30
BROOKLYN,2018-07-22,58
STATEN ISLAND,2018-07-31,12
MANHATTAN,2018-08-09,89
BRONX,2018-06-22,40
BROOKLYN,2018-12-29,34
QUEENS,2019-03-07,158
MANHATTAN,2019-03-11,48
BRONX,2019-08-17,57
QUEENS,2019-09-04,81
STATEN ISLAND,2019-09-26,1
QUEENS,2019-10-29,4
BRONX,2019-11-29,12
QUEENS,2018-01-28,31
BRONX,2018-01-30,30
MANHATTAN,2018-04-01,24
MANHATTAN,2018-05-25,59
QUEENS,2018-06-24,22
QUEENS,2018-02-03,22
STATEN ISLAND,2018-03-17,9
QUEENS,2018-06-08,51
STATEN ISLAND,2018-07-01,11
STATEN ISLAND,2018-08-19,2
QUEENS,2018-11-29,18
QUEENS,2018-12-27,15
MANHATTAN,2018-12-29,28
BROOKLYN,2019-01-28,26
STATEN ISLAND,2019-05-03,11
QUEENS,2019-06-16,21
QUEENS,2019-07-01,5
BRONX,2019-08-06,66
STATEN ISLAND,2019-08-24,1
BROOKLYN,2019-10-08,23
STATEN ISLAND,2019-10-30,1
BROOKLYN,2019-12-29,16
MANHATTAN,2018-07-26,132
QUEENS,2018-07-11,32
BROOKLYN,2018-08-13,24
BRONX,2018-09-07,54
BROOKLYN,2018-10-29,38
QUEENS,2019-01-11,16
MANHATTAN,2019-02-21,96
BRONX,2019-03-20,61
BRONX,2019-03-21,36
QUEENS,2019-04-12,9
BRONX,2019-04-26,18
MANHATTAN,2019-05-10,108
STATEN ISLAND,2019-07-09,7
QUEENS,2019-08-07,3
MANHATTAN,2019-09-10,63
BRONX,2019-09-22,75
QUEENS,2019-09-24,42
BRONX,2019-12-27,11
BRONX,2018-02-04,70
BRONX,2018-03-12,36
MANHATTAN,2018-05-05,26
BROOKLYN,2018-06-14,39
QUEENS,2018-06-20,46
STATEN ISLAND,2018-06-30,5
BROOKLYN,2018-02-08,33
BRONX,2018-03-25,49
QUEENS,2018-05-10,38
BROOKLYN,2018-05-26,36
MANHATTAN,2018-05-28,40
BROOKLYN,2018-07-30,46
BRONX,2018-08-12,87
QUEENS,2018-09-24,18
MANHATTAN,2019-02-02,36
MANHATTAN,2019-02-25,138
MANHATTAN,2019-03-19,137
QUEENS,2019-04-10,12
MANHATTAN,2019-06-13,121
STATEN ISLAND,2019-11-14,6
MANHATTAN,2018-07-21,16
BROOKLYN,2018-08-12,60
STATEN ISLAND,2018-10-04,34
BRONX,2018-10-18,34
STATEN ISLAND,2018-10-31,9
MANHATTAN,2018-11-07,46
BROOKLYN,2018-12-02,22
QUEENS,2019-01-17,13
MANHATTAN,2019-01-19,23
QUEENS,2019-03-13,102
MANHATTAN,2019-05-02,52
MANHATTAN,2019-06-04,40
QUEENS,2019-06-06,8
STATEN ISLAND,2019-07-01,5
STATEN ISLAND,2019-07-08,9
BRONX,2019-08-24,34
QUEENS,2019-09-27,33
BROOKLYN,2019-09-28,32
BROOKLYN,2019-11-17,16
BROOKLYN,2019-12-14,28
BROOKLYN,2018-01-27,77
STATEN ISLAND,2018-01-07,5
MANHATTAN,2018-03-09,90
BROOKLYN,2018-04-07,66
MANHATTAN,2018-04-10,48
BROOKLYN,2018-08-04,38
STATEN ISLAND,2018-02-07,2
BROOKLYN,2018-02-26,34
MANHATTAN,2018-02-27,144
QUEENS,2018-05-22,33
BROOKLYN,2018-11-08,63
BROOKLYN,2019-03-31,24
STATEN ISLAND,2019-04-06,1
QUEENS,2019-05-29,11
QUEENS,2019-07-11,96
STATEN ISLAND,2019-08-04,9
BROOKLYN,2019-08-07,146
QUEENS,2019-10-18,68
MANHATTAN,2019-12-22,166
QUEENS,2018-02-13,46
MANHATTAN,2018-05-15,126
BROOKLYN,2018-06-23,56
MANHATTAN,2018-07-22,16
BRONX,2018-10-30,62
QUEENS,2018-11-14,36
MANHATTAN,2019-01-21,53
MANHATTAN,2019-02-24,22
BROOKLYN,2019-03-09,99
STATEN ISLAND,2019-02-04,1
MANHATTAN,2019-04-14,16
MANHATTAN,2019-05-18,8
MANHATTAN,2019-05-28,19
QUEENS,2019-07-12,109
QUEENS,2019-07-13,30
BRONX,2019-07-28,62
MANHATTAN,2019-09-20,49
STATEN ISLAND,2019-09-28,2
MANHATTAN,2019-10-25,31
BROOKLYN,2019-11-03,33
MANHATTAN,2019-12-05,127
QUEENS,2019-12-14,17
BRONX,2019-12-23,18
MANHATTAN,2018-07-13,84
MANHATTAN,2018-08-11,24
BROOKLYN,2018-09-02,66
QUEENS,2018-10-01,31
STATEN ISLAND,2018-10-09,2
BROOKLYN,2018-11-28,23
STATEN ISLAND,2019-01-14,4
QUEENS,2019-02-09,63
MANHATTAN,2019-02-26,215
STATEN ISLAND,2019-05-08,11
QUEENS,2019-05-24,30
QUEENS,2019-06-26,109
STATEN ISLAND,2019-07-03,12
MANHATTAN,2019-07-05,85
BROOKLYN,2019-09-12,68
BRONX,2019-09-28,62
STATEN ISLAND,2019-11-15,4
STATEN ISLAND,2018-02-15,11
STATEN ISLAND,2018-02-19,6
QUEENS,2018-02-27,69
QUEENS,2018-03-07,37
BROOKLYN,2018-03-10,69
BRONX,2018-03-30,40
STATEN ISLAND,2018-05-10,6
STATEN ISLAND,2018-06-14,5
MANHATTAN,2018-06-19,124
MANHATTAN,2018-02-11,23
STATEN ISLAND,2018-03-16,7
MANHATTAN,2018-05-20,28
BRONX,2018-06-02,62
BROOKLYN,2018-10-08,45
STATEN ISLAND,2018-12-12,5
STATEN ISLAND,2019-01-29,3
BROOKLYN,2019-07-13,45
BRONX,2019-07-22,28
BRONX,2019-07-23,42
MANHATTAN,2019-08-09,47
QUEENS,2019-11-11,55
BROOKLYN,2019-12-06,12
BRONX,2019-12-17,31
STATEN ISLAND,2018-09-25,3
MANHATTAN,2018-10-13,49
BRONX,2018-12-18,20
BROOKLYN,2019-01-26,39
STATEN ISLAND,2019-02-15,2
QUEENS,2019-03-03,17
STATEN ISLAND,2019-04-18,7
STATEN ISLAND,2019-05-18,5
BRONX,2019-06-24,21
BRONX,2019-08-08,45
BROOKLYN,2019-08-27,59
BRONX,2019-11-11,20
MANHATTAN,2018-02-03,27
STATEN ISLAND,2018-05-09,6
STATEN ISLAND,2018-06-15,8
BRONX,2018-07-03,53
QUEENS,2018-01-02,26
BROOKLYN,2018-01-30,39
STATEN ISLAND,2018-03-03,1
BRONX,2018-03-29,51
BRONX,2018-06-21,25
BROOKLYN,2018-08-16,43
BRONX,2018-10-04,32
MANHATTAN,2018-10-14,22
BRONX,2019-02-27,20
BROOKLYN,2019-03-03,31
MANHATTAN,2019-04-07,21
BROOKLYN,2019-05-14,77
BRONX,2019-06-08,81
BROOKLYN,2019-06-09,35
BRONX,2019-06-17,14
MANHATTAN,2019-08-11,18
BROOKLYN,2019-11-04,15
BROOKLYN,2019-11-18,2
BRONX,2018-05-23,67
BROOKLYN,2018-09-19,53
BROOKLYN,2018-11-22,13
BRONX,2018-11-23,37
QUEENS,2018-12-05,30
BRONX,2018-12-31,20
BROOKLYN,2019-03-02,32
MANHATTAN,2019-07-26,63
QUEENS,2019-07-27,8
MANHATTAN,2019-09-06,56
STATEN ISLAND,2018-06-20,6
BROOKLYN,2018-03-02,60
BROOKLYN,2018-05-07,45
MANHATTAN,2018-06-10,18
STATEN ISLAND,2018-07-05,5
BROOKLYN,2018-07-21,54
MANHATTAN,2018-07-29,27
QUEENS,2018-08-25,20
BROOKLYN,2018-09-12,51
STATEN ISLAND,2018-10-27,4
BROOKLYN,2018-11-10,42
BRONX,2018-11-17,36
MANHATTAN,2019-02-04,81
BRONX,2019-02-08,35
MANHATTAN,2019-03-10,23
BROOKLYN,2019-03-21,97
BROOKLYN,2019-03-29,105
BROOKLYN,2019-04-02,72
BRONX,2019-05-30,88
QUEENS,2019-06-10,20
QUEENS,2019-08-14,20
MANHATTAN,2019-08-21,26
QUEENS,2019-09-16,15
MANHATTAN,2018-01-11,50
QUEENS,2018-02-24,33
MANHATTAN,2018-04-17,128
QUEENS,2018-05-31,24
BROOKLYN,2018-06-01,33
QUEENS,2018-08-10,23
BRONX,2018-10-19,33
QUEENS,2018-11-04,15
STATEN ISLAND,2018-11-04,6
BROOKLYN,2019-01-06,54
BROOKLYN,2019-04-12,99
STATEN ISLAND,2019-05-02,27
BROOKLYN,2019-08-12,83
BRONX,2019-09-17,24
MANHATTAN,2019-09-21,20
BRONX,2019-10-13,32
STATEN ISLAND,2019-10-27,5
STATEN ISLAND,2019-12-01,8
BROOKLYN,2018-08-23,32
BRONX,2018-09-05,68
BRONX,2018-09-22,40
BROOKLYN,2018-10-14,40
BROOKLYN,2018-10-28,24
BRONX,2018-10-29,50
STATEN ISLAND,2018-12-07,6
BRONX,2019-01-10,64
BRONX,2019-03-14,41
BROOKLYN,2019-04-28,16
STATEN ISLAND,2019-07-07,9
STATEN ISLAND,2019-08-25,1
BRONX,2019-09-06,41
BRONX,2019-11-12,16
STATEN ISLAND,2019-11-27,4
BRONX,2018-02-13,43
STATEN ISLAND,2018-06-17,20
BROOKLYN,2018-03-21,24
QUEENS,2018-03-28,24
BROOKLYN,2018-04-08,69
STATEN ISLAND,2018-04-27,3
MANHATTAN,2018-05-27,16
BRONX,2018-07-05,70
MANHATTAN,2018-10-09,29
MANHATTAN,2018-10-10,44
QUEENS,2019-01-22,12
BRONX,2019-02-04,23
BROOKLYN,2019-04-16,17
MANHATTAN,2019-04-21,7
BRONX,2019-10-21,17
BROOKLYN,2019-12-04,116
BROOKLYN,2018-07-26,43
MANHATTAN,2018-08-03,63
BROOKLYN,2018-08-24,49
STATEN ISLAND,2018-08-28,10
STATEN ISLAND,2019-01-30,4
BRONX,2019-03-17,24
BRONX,2019-07-30,37
BROOKLYN,2019-08-21,97
MANHATTAN,2019-09-14,40
BROOKLYN,2019-09-17,66
BROOKLYN,2019-12-05,87
BROOKLYN,2019-12-24,3
STATEN ISLAND,2018-02-05,4
MANHATTAN,2018-02-10,31
STATEN ISLAND,2018-04-15,13
STATEN ISLAND,2018-01-09,5
BROOKLYN,2018-01-19,45
BROOKLYN,2018-04-27,42
STATEN ISLAND,2018-06-03,7
BROOKLYN,2018-07-13,55
BROOKLYN,2018-07-25,36
STATEN ISLAND,2018-07-25,7
QUEENS,2018-08-19,30
BRONX,2018-08-20,63
BRONX,2018-10-07,32
MANHATTAN,2018-10-23,15
BROOKLYN,2019-06-28,67
STATEN ISLAND,2019-07-02,8
BRONX,2019-08-04,37
BROOKLYN,2019-09-06,30
BROOKLYN,2019-09-08,29
STATEN ISLAND,2019-09-19,2
MANHATTAN,2019-11-11,11
QUEENS,2018-09-05,58
BRONX,2018-09-14,50
QUEENS,2018-09-23,11
STATEN ISLAND,2018-11-07,12
BRONX,2019-01-26,51
QUEENS,2019-02-14,84
MANHATTAN,2019-05-01,60
BROOKLYN,2019-05-20,9
STATEN ISLAND,2019-05-21,6
BROOKLYN,2019-06-15,40
STATEN ISLAND,2019-06-20,5
STATEN ISLAND,2019-06-21,34
BROOKLYN,2019-08-13,76
BROOKLYN,2019-10-12,43
BRONX,2019-11-25,20
QUEENS,2018-02-02,29
MANHATTAN,2018-02-18,39
BRONX,2018-03-16,37
STATEN ISLAND,2018-04-03,5
BRONX,2018-07-09,29
MANHATTAN,2018-08-18,27
BROOKLYN,2018-09-18,36
BRONX,2018-10-02,40
MANHATTAN,2019-02-15,116
BRONX,2019-03-22,19
BROOKLYN,2019-03-25,73
QUEENS,2019-05-02,28
BRONX,2019-05-08,53
BROOKLYN,2019-06-01,37
MANHATTAN,2019-08-17,68
QUEENS,2019-09-11,18
QUEENS,2019-12-05,17
BROOKLYN,2019-12-21,18
STATEN ISLAND,2018-08-03,15
BROOKLYN,2018-09-30,32
MANHATTAN,2018-10-19,72
STATEN ISLAND,2018-11-16,9
BROOKLYN,2018-11-24,30
MANHATTAN,2019-07-12,35
QUEENS,2019-07-21,23
MANHATTAN,2019-07-24,97
BROOKLYN,2019-10-11,31
BROOKLYN,2019-10-17,16
BRONX,2019-10-19,13
BROOKLYN,2019-11-02,20
BRONX,2019-12-14,23
MANHATTAN,2018-01-27,47
STATEN ISLAND,2018-05-28,12
BROOKLYN,2018-07-12,65
BRONX,2018-01-19,41
BRONX,2018-02-01,57
STATEN ISLAND,2018-02-20,5
STATEN ISLAND,2018-02-28,6
BRONX,2018-04-03,32
BROOKLYN,2018-07-18,63
QUEENS,2018-08-13,35
BROOKLYN,2018-08-21,33
QUEENS,2018-08-27,14
BRONX,2018-11-26,30
MANHATTAN,2018-11-27,89
BROOKLYN,2019-02-28,35
STATEN ISLAND,2019-02-28,7
BRONX,2019-07-09,45
BROOKLYN,2019-11-05,57
BROOKLYN,2019-11-20,32
STATEN ISLAND,2018-10-14,12
QUEENS,2018-12-09,39
BRONX,2018-12-09,26
MANHATTAN,2019-01-09,101
BRONX,2019-01-24,33
BRONX,2019-02-17,37
BROOKLYN,2019-03-28,89
BROOKLYN,2019-09-05,24
BROOKLYN,2019-09-30,25
MANHATTAN,2019-11-09,9
MANHATTAN,2018-02-23,57
MANHATTAN,2018-03-01,192
STATEN ISLAND,2018-06-18,1
MANHATTAN,2018-02-09,81
BRONX,2018-05-15,55
MANHATTAN,2018-07-17,18
STATEN ISLAND,2018-09-21,2
BRONX,2018-10-01,21
BROOKLYN,2018-10-07,26
QUEENS,2018-10-29,11
QUEENS,2019-02-26,12
STATEN ISLAND,2019-03-07,6
MANHATTAN,2019-04-04,55
BRONX,2019-04-08,24
BROOKLYN,2019-04-09,95
BROOKLYN,2019-07-06,38
BRONX,2019-07-27,44
BROOKLYN,2019-08-30,77
STATEN ISLAND,2019-09-27,10
STATEN ISLAND,2019-10-07,1
BROOKLYN,2019-11-16,64
QUEENS,2019-11-27,30
STATEN ISLAND,2018-02-23,5
QUEENS,2018-03-09,28
BROOKLYN,2018-04-16,16
BRONX,2018-07-21,77
BRONX,2018-08-11,60
STATEN ISLAND,2018-09-12,24
BRONX,2018-10-17,42
QUEENS,2018-10-17,33
STATEN ISLAND,2018-11-10,3
BROOKLYN,2018-12-23,26
QUEENS,2018-12-23,18
QUEENS,2019-02-20,12
BRONX,2019-10-01,60
QUEENS,2019-10-15,102
QUEENS,2019-11-15,92
BROOKLYN,2019-11-21,18
BRONX,2018-09-04,51
BROOKLYN,2018-12-05,43
BROOKLYN,2019-02-16,37
STATEN ISLAND,2019-04-19,11
QUEENS,2019-04-26,12
QUEENS,2019-06-12,10
MANHATTAN,2019-07-04,41
BRONX,2019-07-15,30
STATEN ISLAND,2019-09-14,1
QUEENS,2019-10-28,9
BRONX,2018-01-22,59
STATEN ISLAND,2018-01-25,6
BROOKLYN,2018-02-12,40
BRONX,2018-06-07,46
MANHATTAN,2018-01-02,44
MANHATTAN,2018-03-13,97
BRONX,2018-04-19,35
STATEN ISLAND,2018-05-30,1
MANHATTAN,2018-07-12,85
QUEENS,2018-07-19,14
QUEENS,2018-10-08,46
STATEN ISLAND,2018-10-22,3
BROOKLYN,2018-12-11,38
BROOKLYN,2018-12-19,27
MANHATTAN,2019-02-01,91
QUEENS,2019-02-21,33
BROOKLYN,2019-10-03,29
BROOKLYN,2019-10-27,18
MANHATTAN,2018-09-22,27
QUEENS,2018-11-24,14
MANHATTAN,2019-02-18,112
QUEENS,2019-06-17,85
MANHATTAN,2019-08-22,33
MANHATTAN,2019-10-11,132
MANHATTAN,2019-10-30,88
BROOKLYN,2019-12-23,16
MANHATTAN,2018-01-29,126
STATEN ISLAND,2018-04-26,17
BRONX,2018-05-26,61
MANHATTAN,2018-03-30,82
BRONX,2018-06-04,20
BROOKLYN,2018-06-24,47
BROOKLYN,2018-06-28,35
QUEENS,2018-07-31,22
QUEENS,2018-08-23,12
BROOKLYN,2018-10-25,44
STATEN ISLAND,2018-11-26,2
STATEN ISLAND,2019-01-13,5
BRONX,2019-02-16,55
QUEENS,2019-04-18,28
QUEENS,2019-06-11,50
STATEN ISLAND,2019-06-22,10
BRONX,2019-07-04,70
BRONX,2019-08-11,47
QUEENS,2019-11-28,9
STATEN ISLAND,2019-12-15,6
QUEENS,2019-12-16,4
BRONX,2018-09-09,54
STATEN ISLAND,2018-09-08,14
BRONX,2018-10-20,24
MANHATTAN,2018-11-25,17
BRONX,2018-12-01,36
BRONX,2018-12-02,30
BROOKLYN,2019-01-08,28
BROOKLYN,2019-01-09,34
STATEN ISLAND,2019-05-27,3
MANHATTAN,2019-08-05,81
MANHATTAN,2019-08-16,33
QUEENS,2019-09-08,8
MANHATTAN,2019-10-17,95
STATEN ISLAND,2019-12-13,5
BRONX,2018-01-08,25
MANHATTAN,2018-03-28,118
STATEN ISLAND,2018-06-09,4
STATEN ISLAND,2018-07-09,22
STATEN ISLAND,2018-08-09,15
QUEENS,2018-08-17,25
MANHATTAN,2018-09-18,51
MANHATTAN,2018-12-25,1
BROOKLYN,2019-02-21,35
BRONX,2019-03-11,27
MANHATTAN,2019-03-22,39
QUEENS,2019-03-28,22
QUEENS,2019-05-27,21
MANHATTAN,2019-06-06,168
MANHATTAN,2019-06-27,52
BROOKLYN,2019-07-03,88
STATEN ISLAND,2019-07-16,4
QUEENS,2019-07-18,84
BROOKLYN,2019-08-04,45
BRONX,2019-08-23,34
BRONX,2019-09-13,49
MANHATTAN,2019-09-22,13
QUEENS,2019-10-04,4
MANHATTAN,2019-11-02,14
BROOKLYN,2019-11-13,80
BROOKLYN,2018-05-30,18
QUEENS,2018-06-22,43
BROOKLYN,2018-01-07,70
BROOKLYN,2018-02-28,79
MANHATTAN,2018-03-18,23
STATEN ISLAND,2018-04-04,7
BROOKLYN,2018-06-08,57
BROOKLYN,2018-07-24,32
MANHATTAN,2018-08-14,66
STATEN ISLAND,2018-08-20,2
BRONX,2018-08-29,47
QUEENS,2018-08-30,16
QUEENS,2018-09-09,31
STATEN ISLAND,2018-11-29,16
BROOKLYN,2018-12-21,24
BRONX,2018-12-27,56
STATEN ISLAND,2019-04-21,5
QUEENS,2019-04-25,35
BROOKLYN,2019-05-24,29
STATEN ISLAND,2019-08-23,2
MANHATTAN,2019-08-31,12
MANHATTAN,2019-09-02,3
MANHATTAN,2019-09-03,113
BROOKLYN,2019-11-28,4
QUEENS,2019-12-12,1
BRONX,2019-12-15,24
MANHATTAN,2018-02-14,78
BRONX,2018-03-19,36
MANHATTAN,2018-03-24,39
STATEN ISLAND,2018-07-13,5
MANHATTAN,2018-10-06,29
BRONX,2018-11-04,56
BROOKLYN,2018-11-18,34
BROOKLYN,2019-02-04,20
BRONX,2019-05-21,110
BRONX,2019-06-06,66
BROOKLYN,2019-08-02,68
BRONX,2019-08-26,26
STATEN ISLAND,2019-10-10,3
QUEENS,2019-11-14,81
BRONX,2019-12-01,18
BROOKLYN,2018-03-12,153
QUEENS,2018-05-29,15
STATEN ISLAND,2018-09-07,34
STATEN ISLAND,2018-09-11,10
BRONX,2018-10-11,31
STATEN ISLAND,2018-11-03,2
QUEENS,2018-11-13,13
STATEN ISLAND,2018-11-27,9
MANHATTAN,2018-12-07,78
BRONX,2019-01-22,31
QUEENS,2019-04-22,25
STATEN ISLAND,2019-05-05,1
QUEENS,2019-05-20,9
BRONX,2019-09-11,54
MANHATTAN,2019-10-10,116
QUEENS,2019-10-25,66
STATEN ISLAND,2019-10-28,7
MANHATTAN,2019-11-04,61
STATEN ISLAND,2019-12-17,1
MANHATTAN,2018-07-19,62
QUEENS,2018-07-20,27
QUEENS,2018-11-11,11
MANHATTAN,2019-01-22,56
MANHATTAN,2019-03-12,117
MANHATTAN,2019-03-18,50
MANHATTAN,2019-03-27,101
QUEENS,2019-03-31,20
MANHATTAN,2019-05-25,16
STATEN ISLAND,2019-05-28,16
STATEN ISLAND,2019-09-01,6
BROOKLYN,2019-09-04,96
BROOKLYN,2019-09-15,33
QUEENS,2018-01-12,36
QUEENS,2018-04-15,40
QUEENS,2018-05-11,31
STATEN ISLAND,2018-07-06,10
BRONX,2018-03-04,44
QUEENS,2018-03-10,40
BROOKLYN,2018-04-02,11
STATEN ISLAND,2018-04-21,3
QUEENS,2018-05-30,66
MANHATTAN,2018-08-16,184
BROOKLYN,2018-08-17,70
BROOKLYN,2018-08-30,35
MANHATTAN,2018-09-28,60
BRONX,2018-10-03,48
MANHATTAN,2018-10-28,32
QUEENS,2018-11-07,12
STATEN ISLAND,2019-04-17,6
STATEN ISLAND,2019-04-28,3
QUEENS,2019-05-18,20
BRONX,2019-07-05,82
BROOKLYN,2019-07-09,101
BROOKLYN,2019-08-06,73
MANHATTAN,2019-08-19,29
BROOKLYN,2019-08-23,70
QUEENS,2019-10-05,31
QUEENS,2019-12-09,3
BROOKLYN,2019-12-13,20
STATEN ISLAND,2018-09-15,22
MANHATTAN,2018-09-26,24
MANHATTAN,2018-10-02,117
MANHATTAN,2018-11-16,78
BRONX,2018-12-23,31
QUEENS,2019-01-07,7
QUEENS,2019-03-23,30
MANHATTAN,2019-04-20,16
BRONX,2019-06-04,65
BROOKLYN,2019-06-30,21
STATEN ISLAND,2019-10-29,1
STATEN ISLAND,2018-03-11,4
STATEN ISLAND,2018-03-18,8
BRONX,2018-03-26,33
BRONX,2018-04-05,59
QUEENS,2018-04-19,93
BRONX,2018-06-20,100
BROOKLYN,2018-07-11,45
MANHATTAN,2018-01-15,33
QUEENS,2018-01-19,35
BRONX,2018-03-05,43
QUEENS,2018-04-09,30
QUEENS,2018-04-12,47
MANHATTAN,2018-05-21,59
QUEENS,2018-05-28,29
BROOKLYN,2018-05-31,21
BROOKLYN,2018-06-07,35
BROOKLYN,2018-07-05,52
MANHATTAN,2018-08-05,24
BROOKLYN,2018-10-16,109
BROOKLYN,2018-12-24,10
BROOKLYN,2019-01-01,33
MANHATTAN,2019-02-03,19
MANHATTAN,2019-03-05,54
STATEN ISLAND,2019-03-30,4
STATEN ISLAND,2019-06-05,9
QUEENS,2019-07-06,36
MANHATTAN,2019-07-07,18
MANHATTAN,2019-07-21,20
STATEN ISLAND,2019-08-06,11
QUEENS,2019-12-24,3
BROOKLYN,2018-07-28,54
STATEN ISLAND,2018-07-29,20
BRONX,2018-08-07,41
BRONX,2018-11-06,58
BROOKLYN,2018-12-09,37
BRONX,2019-01-08,47
BROOKLYN,2019-01-10,24
BRONX,2019-01-12,40
MANHATTAN,2019-01-20,23
MANHATTAN,2019-02-14,65
BROOKLYN,2019-02-20,17
QUEENS,2019-05-01,16
MANHATTAN,2019-07-02,32
QUEENS,2019-12-21,7
BRONX,2018-01-10,67
STATEN ISLAND,2018-01-17,27
BROOKLYN,2018-02-18,46
BRONX,2018-03-14,61
STATEN ISLAND,2018-04-24,21
BROOKLYN,2018-01-25,71
STATEN ISLAND,2018-03-15,20
MANHATTAN,2018-05-08,83
BROOKLYN,2018-05-10,41
BROOKLYN,2018-05-18,163
QUEENS,2018-05-21,10
QUEENS,2018-06-18,4
BROOKLYN,2018-06-20,21
MANHATTAN,2018-07-08,27
MANHATTAN,2018-11-12,73
BRONX,2019-01-06,34
STATEN ISLAND,2019-01-19,12
BROOKLYN,2019-02-07,25
QUEENS,2019-02-23,35
MANHATTAN,2019-03-01,118
BRONX,2019-03-03,23
BRONX,2019-08-16,64
STATEN ISLAND,2019-08-26,1
QUEENS,2019-10-01,8
BRONX,2019-10-28,103
BRONX,2019-11-13,26
QUEENS,2019-11-23,14
MANHATTAN,2019-11-24,19
BRONX,2019-12-16,22
BRONX,2018-09-21,40
BROOKLYN,2018-10-13,46
BRONX,2018-10-23,38
MANHATTAN,2018-11-30,54
QUEENS,2018-12-26,15
MANHATTAN,2019-02-27,168
STATEN ISLAND,2019-03-23,11
MANHATTAN,2019-07-29,53
BROOKLYN,2019-09-02,38
STATEN ISLAND,2019-10-25,7
QUEENS,2018-01-15,31
QUEENS,2018-01-01,21
QUEENS,2018-02-04,41
BRONX,2018-05-06,48
QUEENS,2018-06-30,14
BRONX,2018-07-16,70
STATEN ISLAND,2018-01-08,1
MANHATTAN,2018-01-19,98
BROOKLYN,2018-02-07,37
BROOKLYN,2018-02-15,98
MANHATTAN,2018-02-24,34
BROOKLYN,2018-03-15,82
MANHATTAN,2018-03-16,82
BRONX,2018-04-23,40
BRONX,2018-04-30,41
BROOKLYN,2018-05-13,48
QUEENS,2018-06-04,21
QUEENS,2018-09-15,28
QUEENS,2018-09-27,20
BROOKLYN,2018-09-29,33
BROOKLYN,2018-10-23,45
BRONX,2018-12-16,15
BROOKLYN,2019-02-13,23
BRONX,2019-02-21,104
MANHATTAN,2019-03-31,17
BROOKLYN,2019-04-04,126
QUEENS,2019-04-14,13
BROOKLYN,2019-05-01,91
STATEN ISLAND,2019-09-30,1
BRONX,2019-11-23,27
BROOKLYN,2018-08-27,37
STATEN ISLAND,2018-12-08,23
STATEN ISLAND,2019-04-09,13
BROOKLYN,2019-05-27,31
MANHATTAN,2019-06-09,21
MANHATTAN,2019-08-01,100
BRONX,2019-10-31,26
MANHATTAN,2019-11-16,22
BROOKLYN,2019-12-18,42
BRONX,2018-01-15,40
STATEN ISLAND,2018-04-10,3
STATEN ISLAND,2018-01-06,2
BRONX,2018-01-11,57
BROOKLYN,2018-01-21,55
MANHATTAN,2018-01-31,59
MANHATTAN,2018-03-27,33
STATEN ISLAND,2018-08-14,4
MANHATTAN,2018-08-27,86
MANHATTAN,2018-09-04,115
STATEN ISLAND,2018-09-22,17
MANHATTAN,2018-10-11,95
QUEENS,2018-11-05,18
BROOKLYN,2019-02-12,38
BRONX,2019-03-06,43
MANHATTAN,2019-04-27,8
BRONX,2019-04-30,30
BROOKLYN,2019-05-05,12
BROOKLYN,2019-05-06,21
BRONX,2019-07-06,51
STATEN ISLAND,2019-07-14,10
STATEN ISLAND,2019-07-17,4
QUEENS,2019-07-25,61
MANHATTAN,2019-10-23,98
MANHATTAN,2019-12-23,114
STATEN ISLAND,2018-06-13,6
STATEN ISLAND,2018-01-10,8
MANHATTAN,2018-01-21,27
BRONX,2018-03-22,52
STATEN ISLAND,2018-05-11,3
BROOKLYN,2018-05-19,59
MANHATTAN,2018-06-05,52
BROOKLYN,2018-06-30,34
STATEN ISLAND,2018-09-04,10
BROOKLYN,2018-11-27,56
MANHATTAN,2018-12-23,18
BRONX,2019-03-19,44
MANHATTAN,2019-05-12,15
BROOKLYN,2019-05-13,23
STATEN ISLAND,2019-05-14,4
QUEENS,2019-05-15,40
STATEN ISLAND,2019-07-24,11
BROOKLYN,2019-08-17,55
QUEENS,2019-09-05,119
QUEENS,2019-10-02,40
STATEN ISLAND,2018-08-31,12
MANHATTAN,2018-09-11,16
QUEENS,2018-09-26,11
STATEN ISLAND,2018-11-25,2
BROOKLYN,2018-12-13,20
STATEN ISLAND,2018-12-22,1
QUEENS,2019-01-16,30
QUEENS,2019-02-17,13
BROOKLYN,2019-03-05,22
MANHATTAN,2019-03-16,35
BRONX,2019-04-12,20
QUEENS,2019-08-17,23
QUEENS,2019-12-15,24
QUEENS,2019-12-18,7
MANHATTAN,2018-03-08,67
MANHATTAN,2018-04-03,179
BRONX,2018-04-29,45
BROOKLYN,2018-06-27,83
MANHATTAN,2018-04-09,137
STATEN ISLAND,2018-05-04,3
STATEN ISLAND,2018-05-31,4
MANHATTAN,2018-06-01,85
MANHATTAN,2018-07-05,120
QUEENS,2018-07-29,14
QUEENS,2018-08-12,23
QUEENS,2018-11-30,18
BRONX,2019-01-21,21
STATEN ISLAND,2019-01-22,4
STATEN ISLAND,2019-02-10,6
BRONX,2019-04-19,34
QUEENS,2019-05-16,39
BRONX,2019-05-18,53
STATEN ISLAND,2019-06-12,2
BRONX,2019-10-10,25
STATEN ISLAND,2019-10-19,3
BRONX,2019-11-03,19
QUEENS,2019-11-25,17
QUEENS,2018-08-21,19
BROOKLYN,2018-08-22,28
QUEENS,2018-09-28,31
MANHATTAN,2018-10-25,138
STATEN ISLAND,2018-10-28,10
BROOKLYN,2018-11-21,64
BROOKLYN,2018-12-18,51
QUEENS,2019-02-13,84
BROOKLYN,2019-03-14,56
BRONX,2019-03-27,44
BROOKLYN,2019-05-02,102
BROOKLYN,2019-05-08,86
BRONX,2019-05-15,56
STATEN ISLAND,2019-06-11,2
STATEN ISLAND,2019-06-17,1
STATEN ISLAND,2019-06-25,7
STATEN ISLAND,2019-09-18,54
BROOKLYN,2019-09-20,62
MANHATTAN,2019-11-26,51
MANHATTAN,2018-06-02,51
QUEENS,2018-07-14,46
BROOKLYN,2018-08-10,72
BROOKLYN,2018-10-18,19
QUEENS,2018-10-25,16
BRONX,2018-10-31,69
BROOKLYN,2018-11-13,18
BRONX,2018-11-27,33
STATEN ISLAND,2018-12-28,2
STATEN ISLAND,2019-03-19,7
MANHATTAN,2019-04-09,70
BRONX,2019-04-29,11
QUEENS,2019-06-02,17
BRONX,2019-06-20,28
BRONX,2019-08-20,37
MANHATTAN,2019-09-01,16
BRONX,2019-10-04,9
QUEENS,2019-10-12,13
QUEENS,2019-10-20,12
MANHATTAN,2019-12-29,7
MANHATTAN,2019-12-31,10
STATEN ISLAND,2018-01-04,1
QUEENS,2018-01-22,24
MANHATTAN,2018-01-22,133
MANHATTAN,2018-01-28,24
QUEENS,2018-05-01,24
BRONX,2018-08-22,35
QUEENS,2018-08-31,26
BRONX,2018-09-10,30
BRONX,2018-09-25,36
QUEENS,2019-02-12,66
BROOKLYN,2019-04-07,34
MANHATTAN,2019-05-04,18
QUEENS,2019-05-25,46
STATEN ISLAND,2019-06-07,6
MANHATTAN,2019-07-25,75
BROOKLYN,2019-08-19,84
MANHATTAN,2019-09-29,10
MANHATTAN,2019-11-05,116
MANHATTAN,2019-12-09,101
BRONX,2018-04-16,38
QUEENS,2018-05-20,20
MANHATTAN,2018-07-02,20
STATEN ISLAND,2018-09-01,30
MANHATTAN,2018-11-24,35
BRONX,2018-12-12,54
BRONX,2019-01-11,24
QUEENS,2019-01-19,25
STATEN ISLAND,2019-02-03,1
MANHATTAN,2019-03-02,25
STATEN ISLAND,2019-05-17,16
QUEENS,2019-06-23,13
STATEN ISLAND,2019-07-12,17
QUEENS,2019-07-22,58
MANHATTAN,2019-08-04,9
STATEN ISLAND,2019-08-21,22
BRONX,2019-12-22,17
QUEENS,2018-07-26,18
STATEN ISLAND,2018-08-24,6
QUEENS,2018-09-12,18
MANHATTAN,2018-09-30,20
MANHATTAN,2018-10-03,69
BRONX,2018-10-09,60
BRONX,2018-10-22,51
QUEENS,2018-11-15,19
STATEN ISLAND,2018-12-10,3
STATEN ISLAND,2019-02-08,9
MANHATTAN,2019-04-05,16
BRONX,2019-04-06,25
QUEENS,2019-04-29,11
BRONX,2019-05-13,41
QUEENS,2019-07-09,75
BROOKLYN,2019-08-08,74
MANHATTAN,2019-09-24,12
MANHATTAN,2019-09-26,14
MANHATTAN,2019-10-19,26
MANHATTAN,2019-11-23,19
BRONX,2019-11-27,14
BRONX,2019-12-04,23
STATEN ISLAND,2019-12-08,3
QUEENS,2019-12-11,8
BROOKLYN,2019-12-15,17
MANHATTAN,2018-01-13,29
QUEENS,2018-01-13,51
BROOKLYN,2018-01-20,77
MANHATTAN,2018-02-08,186
MANHATTAN,2018-05-14,90
BROOKLYN,2018-06-05,39
MANHATTAN,2018-06-11,67
BROOKLYN,2018-06-13,66
QUEENS,2018-03-17,42
BRONX,2018-05-03,47
QUEENS,2018-06-03,23
STATEN ISLAND,2018-06-06,4
BRONX,2018-06-12,50
QUEENS,2018-07-01,27
QUEENS,2018-07-24,16
QUEENS,2018-08-15,22
QUEENS,2018-09-04,26
BROOKLYN,2018-12-01,46
BRONX,2019-01-18,30
BRONX,2019-01-29,28
BROOKLYN,2019-03-26,90
STATEN ISLAND,2019-03-26,18
STATEN ISLAND,2019-06-19,36
STATEN ISLAND,2019-08-17,1
BROOKLYN,2019-09-13,32
BROOKLYN,2019-10-04,21
BRONX,2019-10-16,35
STATEN ISLAND,2019-11-13,1
STATEN ISLAND,2018-11-02,9
BROOKLYN,2019-02-19,49
QUEENS,2019-03-10,15
QUEENS,2019-03-14,19
BROOKLYN,2019-11-01,30
QUEENS,2018-01-04,11
BRONX,2018-01-13,61
QUEENS,2018-03-03,60
QUEENS,2018-05-26,39
MANHATTAN,2018-06-04,59
BROOKLYN,2018-01-08,41
BRONX,2018-03-17,35
STATEN ISLAND,2018-04-09,3
QUEENS,2018-06-12,21
BROOKLYN,2018-08-19,65
QUEENS,2018-10-11,64
BRONX,2018-10-24,14
BROOKLYN,2019-01-23,89
QUEENS,2019-04-17,20
STATEN ISLAND,2019-05-13,1
QUEENS,2019-05-14,23
BRONX,2019-06-25,27
QUEENS,2019-07-03,41
BRONX,2019-07-16,31
BROOKLYN,2019-09-09,23
QUEENS,2019-09-17,38
STATEN ISLAND,2019-12-11,4
BROOKLYN,2018-09-15,41
STATEN ISLAND,2019-01-31,4
STATEN ISLAND,2019-02-06,4
MANHATTAN,2019-03-07,40
BROOKLYN,2019-03-11,27
STATEN ISLAND,2019-03-16,27
MANHATTAN,2019-05-05,13
MANHATTAN,2019-05-11,29
STATEN ISLAND,2019-06-18,6
QUEENS,2019-08-22,11
BROOKLYN,2019-08-31,35
BRONX,2019-09-05,24
MANHATTAN,2019-12-17,113
BROOKLYN,2018-04-17,24
BROOKLYN,2018-04-18,103
QUEENS,2018-06-29,25
STATEN ISLAND,2018-06-29,10
MANHATTAN,2018-01-05,15
QUEENS,2018-03-22,22
MANHATTAN,2018-03-29,116
QUEENS,2018-04-02,10
QUEENS,2018-04-17,131
STATEN ISLAND,2018-04-30,2
BROOKLYN,2018-09-10,24
BRONX,2018-09-23,39
STATEN ISLAND,2018-12-02,6
QUEENS,2018-12-30,14
BRONX,2019-01-07,53
BRONX,2019-04-05,12
QUEENS,2019-04-13,29
MANHATTAN,2019-04-18,209
BRONX,2019-06-11,40
QUEENS,2019-08-30,19
BRONX,2019-09-10,25
MANHATTAN,2019-10-21,46
STATEN ISLAND,2018-08-16,12
STATEN ISLAND,2018-09-24,1
BRONX,2018-11-05,31
BRONX,2018-11-11,29
BRONX,2019-01-27,30
BRONX,2019-03-18,20
QUEENS,2019-04-07,21
BROOKLYN,2019-04-10,118
STATEN ISLAND,2019-05-24,7
BROOKLYN,2019-10-28,22
QUEENS,2018-01-29,21
MANHATTAN,2018-03-31,21
STATEN ISLAND,2018-05-26,10
BROOKLYN,2018-07-17,35
MANHATTAN,2018-01-24,71
QUEENS,2018-05-23,11
MANHATTAN,2018-07-31,22
MANHATTAN,2018-08-29,45
MANHATTAN,2019-02-17,23
QUEENS,2019-02-27,23
BROOKLYN,2019-03-10,32
STATEN ISLAND,2019-03-11,6
BRONX,2019-03-24,27
BROOKLYN,2019-04-06,41
MANHATTAN,2019-04-25,27
BRONX,2019-05-01,33
BRONX,2019-05-25,55
MANHATTAN,2019-07-16,70
QUEENS,2019-08-25,2
STATEN ISLAND,2019-09-10,26
BRONX,2019-10-15,33
BROOKLYN,2019-11-22,89
BROOKLYN,2018-03-01,68
QUEENS,2018-04-28,26
STATEN ISLAND,2018-05-29,7
BRONX,2018-07-19,65
STATEN ISLAND,2018-09-19,3
BRONX,2018-11-21,30
STATEN ISLAND,2019-01-11,5
QUEENS,2019-01-14,9
STATEN ISLAND,2019-05-26,13
BRONX,2019-05-28,122
BROOKLYN,2019-07-01,43
MANHATTAN,2019-07-22,58
STATEN ISLAND,2018-10-20,4
MANHATTAN,2019-01-10,88
BROOKLYN,2019-01-25,48
STATEN ISLAND,2019-02-20,2
QUEENS,2019-06-15,19
MANHATTAN,2019-06-26,53
STATEN ISLAND,2019-08-12,2
STATEN ISLAND,2019-10-05,5
QUEENS,2019-10-06,60
QUEENS,2019-10-07,7
BROOKLYN,2019-11-10,49
STATEN ISLAND,2018-01-01,1
BRONX,2018-01-04,21
STATEN ISLAND,2018-02-22,2
STATEN ISLAND,2018-03-01,29
BROOKLYN,2018-03-18,44
BROOKLYN,2018-03-19,39
QUEENS,2018-05-14,24
STATEN ISLAND,2018-01-21,14
QUEENS,2018-04-06,34
MANHATTAN,2018-04-12,100
MANHATTAN,2018-04-26,248
MANHATTAN,2018-06-23,43
BRONX,2018-10-08,23
MANHATTAN,2018-11-29,57
BRONX,2018-12-13,31
BRONX,2019-02-11,31
BROOKLYN,2019-02-15,90
BRONX,2019-04-10,37
STATEN ISLAND,2019-05-10,1
MANHATTAN,2019-06-22,18
MANHATTAN,2019-07-31,88
MANHATTAN,2018-08-31,42
BROOKLYN,2018-09-23,35
BRONX,2018-12-03,31
MANHATTAN,2018-12-26,29
STATEN ISLAND,2019-01-17,8
BRONX,2019-01-30,31
BROOKLYN,2019-03-27,115
BROOKLYN,2019-04-29,90
QUEENS,2019-07-26,56
STATEN ISLAND,2019-08-22,2
MANHATTAN,2019-10-05,27
MANHATTAN,2018-01-17,55
BRONX,2018-03-15,52
BROOKLYN,2018-04-28,75
MANHATTAN,2018-05-04,70
BRONX,2018-07-04,44
STATEN ISLAND,2018-02-17,4
BRONX,2018-05-01,46
BRONX,2018-05-14,40
BROOKLYN,2018-05-28,47
QUEENS,2018-07-18,47
STATEN ISLAND,2018-08-06,4
MANHATTAN,2018-08-24,51
STATEN ISLAND,2018-09-02,15
BRONX,2018-10-28,67
STATEN ISLAND,2018-11-05,6
BRONX,2019-01-05,31
MANHATTAN,2019-02-16,43
STATEN ISLAND,2019-03-02,8
QUEENS,2019-04-02,30
BROOKLYN,2019-04-19,25
QUEENS,2019-11-19,106
STATEN ISLAND,2018-10-19,14
BROOKLYN,2019-02-06,52
BRONX,2019-02-15,45
STATEN ISLAND,2019-03-24,5
STATEN ISLAND,2019-08-09,2
STATEN ISLAND,2019-10-04,10
MANHATTAN,2019-10-09,139
BROOKLYN,2019-11-07,29
BROOKLYN,2019-12-12,14
MANHATTAN,2019-12-19,110
QUEENS,2018-01-10,35
BRONX,2018-01-24,40
STATEN ISLAND,2018-01-28,4
BROOKLYN,2018-02-24,130
BROOKLYN,2018-05-05,71
QUEENS,2018-05-25,40
BROOKLYN,2018-02-01,126
QUEENS,2018-03-01,44
BRONX,2018-03-18,80
STATEN ISLAND,2018-06-19,4
STATEN ISLAND,2018-06-21,35
BROOKLYN,2018-10-05,46
BRONX,2018-11-01,67
STATEN ISLAND,2018-12-19,10
QUEENS,2019-01-12,28
STATEN ISLAND,2019-02-02,3
STATEN ISLAND,2019-02-14,21
BRONX,2019-03-12,19
MANHATTAN,2019-03-23,24
MANHATTAN,2019-05-06,111
QUEENS,2019-05-11,11
QUEENS,2019-07-02,16
BROOKLYN,2019-07-25,37
QUEENS,2019-09-18,32
BRONX,2019-11-02,26
BRONX,2019-11-19,28
BROOKLYN,2019-11-27,41
QUEENS,2019-11-29,6
BRONX,2018-08-25,54
QUEENS,2018-10-14,17
BRONX,2019-02-06,44
STATEN ISLAND,2019-03-22,19
BRONX,2019-07-01,38
QUEENS,2019-08-09,13
MANHATTAN,2019-08-14,115
STATEN ISLAND,2019-12-26,1
QUEENS,2018-01-21,46
BRONX,2018-04-13,62
BRONX,2018-03-08,43
STATEN ISLAND,2018-03-27,1
BROOKLYN,2018-05-16,61
MANHATTAN,2018-07-07,37
QUEENS,2018-07-27,18
BROOKLYN,2018-08-02,116
QUEENS,2018-08-16,14
STATEN ISLAND,2018-10-13,13
MANHATTAN,2018-10-21,38
QUEENS,2018-12-14,19
BROOKLYN,2019-04-24,102
STATEN ISLAND,2019-05-31,1
STATEN ISLAND,2019-06-15,13
BROOKLYN,2019-06-29,22
BRONX,2019-07-07,65
BRONX,2019-07-17,95
MANHATTAN,2019-10-16,48
STATEN ISLAND,2019-10-24,1
QUEENS,2018-10-16,23
MANHATTAN,2018-11-08,58
STATEN ISLAND,2019-01-12,9
BROOKLYN,2019-01-20,22
STATEN ISLAND,2019-03-17,7
MANHATTAN,2019-09-07,45
STATEN ISLAND,2018-01-30,8
MANHATTAN,2018-05-23,36
QUEENS,2018-07-08,58
QUEENS,2018-02-01,36
QUEENS,2018-02-21,23
BROOKLYN,2018-03-13,34
STATEN ISLAND,2018-04-02,18
STATEN ISLAND,2018-06-08,1
STATEN ISLAND,2018-06-16,8
BRONX,2018-06-19,45
BROOKLYN,2018-08-09,60
BRONX,2019-02-02,40
STATEN ISLAND,2019-02-24,4
QUEENS,2019-02-25,14
STATEN ISLAND,2019-03-13,19
BROOKLYN,2019-06-22,61
BRONX,2019-08-07,31
BRONX,2019-08-13,39
MANHATTAN,2019-10-01,144
BRONX,2019-10-11,12
QUEENS,2019-12-25,1
BROOKLYN,2018-07-15,66
QUEENS,2018-10-06,46
STATEN ISLAND,2019-03-05,5
BRONX,2019-03-28,24
MANHATTAN,2019-04-16,160
BROOKLYN,2019-05-30,31
MANHATTAN,2019-07-27,19
STATEN ISLAND,2019-09-08,6
BRONX,2019-10-08,11
QUEENS,2019-10-31,13
QUEENS,2019-12-19,30
MANHATTAN,2018-02-28,38
BRONX,2018-06-11,44
QUEENS,2018-01-08,30
STATEN ISLAND,2018-02-08,12
STATEN ISLAND,2018-03-02,1
BRONX,2018-05-10,198
MANHATTAN,2018-05-13,19
STATEN ISLAND,2018-05-25,6
MANHATTAN,2018-06-03,24
MANHATTAN,2018-08-04,21
STATEN ISLAND,2018-08-04,5
BRONX,2018-11-13,38
QUEENS,2018-12-24,5
BRONX,2018-12-28,38
STATEN ISLAND,2019-03-03,3
BRONX,2019-05-12,14
BROOKLYN,2019-08-22,81
BROOKLYN,2019-10-20,7
BRONX,2019-11-08,61
BRONX,2019-12-30,7
QUEENS,2018-08-29,6
QUEENS,2018-09-22,23
MANHATTAN,2018-09-24,15
QUEENS,2018-09-29,36
QUEENS,2018-10-09,54
BROOKLYN,2018-12-26,50
BROOKLYN,2018-12-25,1
QUEENS,2019-02-10,13
STATEN ISLAND,2019-04-02,3
QUEENS,2019-07-30,52
STATEN ISLAND,2018-01-27,3
STATEN ISLAND,2018-02-04,8
BROOKLYN,2018-02-06,53
BROOKLYN,2018-02-25,38
MANHATTAN,2018-03-17,48
MANHATTAN,2018-03-23,54
STATEN ISLAND,2018-03-29,10
STATEN ISLAND,2018-05-01,6
QUEENS,2018-07-07,47
BRONX,2018-03-13,38
STATEN ISLAND,2018-04-08,14
BROOKLYN,2018-05-04,66
BRONX,2018-05-28,49
STATEN ISLAND,2018-10-18,7
MANHATTAN,2018-11-18,14
MANHATTAN,2019-01-18,103
BROOKLYN,2019-01-30,51
QUEENS,2019-02-04,28
QUEENS,2019-02-18,15
BROOKLYN,2019-03-18,80
MANHATTAN,2019-04-08,19
QUEENS,2019-05-23,17
BRONX,2019-06-18,31
BROOKLYN,2019-09-03,28
BRONX,2019-09-04,24
QUEENS,2019-09-25,16
QUEENS,2019-10-03,4
STATEN ISLAND,2019-10-13,5
BROOKLYN,2019-11-19,4
STATEN ISLAND,2019-12-06,4
BRONX,2018-09-02,71
QUEENS,2018-09-08,23
QUEENS,2018-10-10,49
QUEENS,2018-11-03,29
BRONX,2018-12-11,41
STATEN ISLAND,2019-01-07,5
MANHATTAN,2019-01-16,56
BROOKLYN,2019-07-30,67
MANHATTAN,2019-08-13,164
BRONX,2019-09-14,65
BROOKLYN,2019-10-05,32
QUEENS,2019-11-16,26
BROOKLYN,2019-12-07,41
QUEENS,2018-03-06,25
QUEENS,2018-03-25,43
STATEN ISLAND,2018-04-20,10
BRONX,2018-06-13,69
MANHATTAN,2018-01-23,153
BRONX,2018-02-02,57
BROOKLYN,2018-03-30,54
BROOKLYN,2018-04-25,71
STATEN ISLAND,2018-07-04,46
BRONX,2018-07-26,49
STATEN ISLAND,2018-08-27,4
BRONX,2018-11-25,45
STATEN ISLAND,2019-02-26,5
STATEN ISLAND,2019-03-01,8
STATEN ISLAND,2019-04-15,2
QUEENS,2019-05-26,18
BROOKLYN,2019-07-20,37
QUEENS,2018-02-05,19
MANHATTAN,2018-02-25,23
MANHATTAN,2018-07-28,43
BROOKLYN,2018-09-27,14
STATEN ISLAND,2018-11-14,29
BRONX,2018-12-06,67
BRONX,2019-03-02,31
QUEENS,2019-04-27,28
MANHATTAN,2019-06-01,51
STATEN ISLAND,2019-07-10,12
STATEN ISLAND,2019-07-22,3
BRONX,2019-08-14,46
BRONX,2019-09-12,32
BRONX,2019-09-16,39
QUEENS,2019-10-16,55
BRONX,2019-12-02,21
QUEENS,2019-12-13,17
QUEENS,2019-12-20,6
BROOKLYN,2018-09-17,25
BRONX,2018-09-19,70
MANHATTAN,2018-11-22,4
QUEENS,2019-01-31,60
QUEENS,2019-03-06,106
QUEENS,2019-04-04,30
QUEENS,2019-04-15,15
BROOKLYN,2019-10-01,16
STATEN ISLAND,2019-11-12,1
BROOKLYN,2018-02-02,33
QUEENS,2018-02-19,21
QUEENS,2018-05-15,111
BRONX,2018-05-17,43
STATEN ISLAND,2018-05-22,44
MANHATTAN,2018-02-06,116
MANHATTAN,2018-04-27,62
MANHATTAN,2018-05-16,49
STATEN ISLAND,2018-06-01,6
MANHATTAN,2018-08-01,53
BRONX,2018-08-05,62
BRONX,2018-08-19,49
STATEN ISLAND,2018-09-26,4
QUEENS,2019-02-01,27
MANHATTAN,2019-02-11,105
BRONX,2019-02-25,31
QUEENS,2019-07-20,33
BROOKLYN,2019-08-15,69
MANHATTAN,2019-12-20,216
MANHATTAN,2018-07-18,105
BROOKLYN,2018-08-29,51
STATEN ISLAND,2018-09-20,8
BROOKLYN,2018-09-26,21
BROOKLYN,2019-03-22,100
BROOKLYN,2019-10-22,25
BROOKLYN,2019-11-06,13
BRONX,2018-01-21,71
QUEENS,2018-02-18,36
MANHATTAN,2018-02-22,119
STATEN ISLAND,2018-03-09,5
QUEENS,2018-03-20,45
QUEENS,2018-03-21,14
BROOKLYN,2018-04-05,27
STATEN ISLAND,2018-04-14,3
BRONX,2018-04-25,59
MANHATTAN,2018-05-02,99
BROOKLYN,2018-02-10,53
MANHATTAN,2018-03-03,23
QUEENS,2018-04-10,71
MANHATTAN,2018-07-09,116
BROOKLYN,2018-08-08,120
MANHATTAN,2018-09-02,23
STATEN ISLAND,2018-09-06,29
QUEENS,2018-09-20,7
BROOKLYN,2018-10-04,40
BRONX,2018-11-19,31
MANHATTAN,2019-01-11,98
BROOKLYN,2019-02-02,29
BROOKLYN,2019-02-22,49
QUEENS,2019-06-25,85
QUEENS,2019-10-19,11
MANHATTAN,2018-10-20,22
BROOKLYN,2018-11-05,18
MANHATTAN,2019-01-01,19
BRONX,2019-02-10,17
BROOKLYN,2019-03-13,67
BROOKLYN,2019-03-23,30
MANHATTAN,2019-05-19,14
MANHATTAN,2019-06-28,34
MANHATTAN,2019-07-28,16
STATEN ISLAND,2019-07-30,3
QUEENS,2019-08-06,9
BRONX,2019-12-19,33
BROOKLYN,2019-12-25,6
BRONX,2018-02-09,65
BRONX,2018-03-09,77
BROOKLYN,2018-05-08,27
BRONX,2018-06-09,97
BROOKLYN,2018-07-10,28
QUEENS,2019-01-10,30
BRONX,2018-04-06,44
BRONX,2018-09-12,55
MANHATTAN,2018-10-18,66
QUEENS,2018-11-19,37
QUEENS,2018-12-10,27
BRONX,2019-02-13,27
BROOKLYN,2019-03-15,33
QUEENS,2019-05-06,7
QUEENS,2019-07-08,91
STATEN ISLAND,2019-09-05,1
MANHATTAN,2019-11-08,63
BRONX,2019-11-15,16
STATEN ISLAND,2019-11-17,5
MANHATTAN,2019-12-07,22
QUEENS,2018-08-11,21
STATEN ISLAND,2018-10-11,3
STATEN ISLAND,2018-10-29,4
BROOKLYN,2018-11-04,33
QUEENS,2018-12-11,23
MANHATTAN,2018-12-21,23
STATEN ISLAND,2018-12-20,2
STATEN ISLAND,2019-05-11,17
BRONX,2019-06-03,40
QUEENS,2019-06-05,40
BROOKLYN,2019-06-19,40
BROOKLYN,2019-09-25,35
BRONX,2019-10-14,33
STATEN ISLAND,2019-11-23,2
QUEENS,2018-04-13,23
BRONX,2018-06-06,68
STATEN ISLAND,2018-07-10,5
BRONX,2018-08-04,64
MANHATTAN,2018-09-08,26
BRONX,2019-04-07,40
MANHATTAN,2019-05-22,79
STATEN ISLAND,2019-10-17,24
MANHATTAN,2019-11-29,129
MANHATTAN,2019-12-01,8
QUEENS,2018-08-22,13
BRONX,2018-08-31,50
BRONX,2018-09-16,29
BROOKLYN,2018-10-09,31
MANHATTAN,2018-12-04,64
QUEENS,2019-01-25,31
MANHATTAN,2019-03-09,50
MANHATTAN,2019-03-30,23
QUEENS,2019-04-28,16
QUEENS,2019-05-04,15
BRONX,2019-05-06,35
QUEENS,2019-05-09,18
BROOKLYN,2019-05-10,37
BRONX,2019-05-26,49
STATEN ISLAND,2019-06-09,1
BROOKLYN,2019-06-14,101
STATEN ISLAND,2019-06-23,9
MANHATTAN,2019-07-08,71
BROOKLYN,2019-07-22,16
QUEENS,2019-08-03,25
BROOKLYN,2019-09-24,13
STATEN ISLAND,2019-12-31,2
MANHATTAN,2018-01-14,29
BROOKLYN,2018-04-01,28
QUEENS,2018-04-29,45
STATEN ISLAND,2018-06-02,5
BROOKLYN,2018-06-12,81
QUEENS,2018-01-14,47
BROOKLYN,2018-01-18,45
QUEENS,2018-01-18,32
QUEENS,2018-04-24,24
BRONX,2018-05-08,36
MANHATTAN,2018-05-12,27
BRONX,2018-06-24,40
MANHATTAN,2018-08-07,88
MANHATTAN,2018-10-17,108
STATEN ISLAND,2018-10-30,14
STATEN ISLAND,2018-12-01,7
QUEENS,2019-02-24,16
QUEENS,2019-04-19,15
BROOKLYN,2019-07-04,60
QUEENS,2019-08-28,14
MANHATTAN,2019-09-19,74
QUEENS,2019-11-20,62
QUEENS,2018-09-17,9
QUEENS,2018-10-15,25
QUEENS,2018-10-28,15
STATEN ISLAND,2018-11-22,1
BRONX,2019-06-10,19
BRONX,2019-08-21,26
BROOKLYN,2019-10-02,49
STATEN ISLAND,2019-11-16,3
MANHATTAN,2019-12-10,138
BROOKLYN,2018-01-01,54
STATEN ISLAND,2018-01-18,16
QUEENS,2018-01-23,61
STATEN ISLAND,2018-02-21,7
MANHATTAN,2018-04-22,26
STATEN ISLAND,2018-05-14,4
QUEENS,2018-06-26,36
BRONX,2018-07-08,85
STATEN ISLAND,2018-01-16,2
BROOKLYN,2018-01-17,102
QUEENS,2018-01-25,31
STATEN ISLAND,2018-03-12,11
STATEN ISLAND,2018-05-17,11
BROOKLYN,2018-06-09,40
QUEENS,2018-07-15,25
QUEENS,2018-08-06,25
QUEENS,2018-08-24,33
BRONX,2018-09-17,61
QUEENS,2018-10-21,17
MANHATTAN,2018-11-11,18
STATEN ISLAND,2019-02-23,7
MANHATTAN,2019-04-30,83
STATEN ISLAND,2019-08-31,4
MANHATTAN,2018-08-25,42
MANHATTAN,2018-09-05,38
BROOKLYN,2018-09-13,69
QUEENS,2018-11-08,22
STATEN ISLAND,2019-01-01,3
QUEENS,2019-05-03,26
BRONX,2019-05-03,26
STATEN ISLAND,2019-06-01,12
QUEENS,2019-06-13,12
BRONX,2019-07-12,62
BROOKLYN,2019-08-24,29
STATEN ISLAND,2019-09-29,5
BROOKLYN,2019-11-23,20
BRONX,2019-12-26,13
STATEN ISLAND,2018-01-22,9
QUEENS,2018-02-15,48
BRONX,2018-02-20,40
QUEENS,2018-04-27,33
MANHATTAN,2018-05-17,96
MANHATTAN,2018-06-15,39
QUEENS,2018-02-22,84
BROOKLYN,2018-02-23,46
STATEN ISLAND,2018-04-29,30
QUEENS,2018-05-03,56
BRONX,2018-05-25,73
QUEENS,2018-08-05,26
QUEENS,2018-08-18,36
BRONX,2018-08-26,44
MANHATTAN,2018-09-20,84
BROOKLYN,2018-12-10,21
BRONX,2019-03-15,35
BROOKLYN,2019-05-23,18
MANHATTAN,2019-05-23,43
STATEN ISLAND,2019-07-25,8
QUEENS,2019-08-15,17
MANHATTAN,2019-08-24,11
BROOKLYN,2019-10-31,23
QUEENS,2019-11-06,6
BROOKLYN,2019-12-08,16
MANHATTAN,2019-12-16,97
BRONX,2018-07-27,58
MANHATTAN,2018-07-14,49
STATEN ISLAND,2018-09-05,8
MANHATTAN,2018-11-03,34
QUEENS,2018-11-26,10
STATEN ISLAND,2019-02-09,5
STATEN ISLAND,2019-03-18,6
STATEN ISLAND,2019-03-25,2
BRONX,2019-04-23,37
BRONX,2019-06-05,70
STATEN ISLAND,2019-06-28,7
BROOKLYN,2019-08-14,122
STATEN ISLAND,2019-09-13,4
STATEN ISLAND,2019-09-25,1
MANHATTAN,2019-10-24,106
STATEN ISLAND,2019-10-26,2
MANHATTAN,2019-10-29,65
BROOKLYN,2018-01-11,76
BRONX,2018-01-23,30
QUEENS,2018-02-26,16
BRONX,2018-04-02,57
STATEN ISLAND,2018-05-12,6
MANHATTAN,2018-06-26,48
QUEENS,2018-01-11,68
QUEENS,2018-02-10,32
BRONX,2018-02-17,45
QUEENS,2018-03-19,44
STATEN ISLAND,2018-05-27,5
MANHATTAN,2018-06-14,64
BRONX,2018-08-10,79
STATEN ISLAND,2018-08-15,3
BRONX,2018-08-24,41
BROOKLYN,2019-01-14,16
STATEN ISLAND,2019-02-19,10
BRONX,2019-04-13,30
BROOKLYN,2019-05-07,19
BROOKLYN,2019-05-17,36
STATEN ISLAND,2019-05-20,1
STATEN ISLAND,2019-06-14,6
BROOKLYN,2019-07-08,12
BRONX,2019-08-31,33
BROOKLYN,2019-10-21,17
MANHATTAN,2019-11-12,14
STATEN ISLAND,2019-11-04,1
STATEN ISLAND,2019-12-20,4
BRONX,2018-10-15,42
MANHATTAN,2018-11-04,35
BROOKLYN,2018-11-12,36
QUEENS,2018-12-31,7
STATEN ISLAND,2019-01-08,4
STATEN ISLAND,2019-07-19,4
MANHATTAN,2019-08-15,226
QUEENS,2019-08-20,2
MANHATTAN,2018-01-04,11
BROOKLYN,2018-01-06,36
BROOKLYN,2018-02-16,96
BRONX,2018-04-01,40
BRONX,2018-04-04,55
STATEN ISLAND,2018-06-23,1
BROOKLYN,2018-07-06,51
BRONX,2018-02-15,45
BROOKLYN,2018-02-17,51
BROOKLYN,2018-03-09,53
BRONX,2018-04-26,29
QUEENS,2018-06-13,25
BRONX,2018-07-07,74
STATEN ISLAND,2018-11-28,11
MANHATTAN,2018-12-02,16
STATEN ISLAND,2019-01-27,5
QUEENS,2019-02-05,91
MANHATTAN,2019-03-08,60
MANHATTAN,2019-04-03,79
QUEENS,2019-05-30,18
BROOKLYN,2019-06-03,88
BRONX,2019-06-13,19
BRONX,2019-12-18,31
BROOKLYN,2018-07-19,47
BROOKLYN,2018-08-14,72
MANHATTAN,2019-01-14,61
STATEN ISLAND,2019-01-18,1
BRONX,2019-01-20,20
BROOKLYN,2019-02-08,36
BROOKLYN,2019-04-15,21
MANHATTAN,2019-05-09,91
MANHATTAN,2019-05-13,104
MANHATTAN,2019-06-23,24
QUEENS,2019-06-28,61
BROOKLYN,2019-08-29,69
BRONX,2019-09-19,27
MANHATTAN,2019-09-25,16
BROOKLYN,2019-10-25,48
BROOKLYN,2019-10-26,18
BRONX,2019-11-20,28
MANHATTAN,2019-11-25,93
MANHATTAN,2018-01-07,5
BRONX,2018-02-14,51
BRONX,2018-03-23,42
BRONX,2018-04-09,52
BRONX,2018-06-14,57
STATEN ISLAND,2018-06-24,9
STATEN ISLAND,2018-01-29,5
BROOKLYN,2018-02-13,108
STATEN ISLAND,2018-04-11,4
STATEN ISLAND,2018-04-12,11
MANHATTAN,2018-06-28,69
MANHATTAN,2018-09-06,83
QUEENS,2019-01-05,30
BROOKLYN,2019-01-05,70
BROOKLYN,2019-01-24,48
QUEENS,2019-04-06,27
BRONX,2019-04-18,35
BRONX,2019-04-24,63
BRONX,2019-05-02,27
MANHATTAN,2019-06-16,15
STATEN ISLAND,2019-07-28,1
BROOKLYN,2019-11-14,72
BRONX,2019-12-03,22
MANHATTAN,2018-07-25,73
QUEENS,2018-09-02,35
MANHATTAN,2018-09-16,22
BROOKLYN,2018-10-10,51
QUEENS,2018-10-27,16
MANHATTAN,2018-11-13,68
QUEENS,2018-11-27,19
BRONX,2018-12-07,33
MANHATTAN,2018-12-15,20
QUEENS,2019-01-13,17
MANHATTAN,2019-02-22,62
BRONX,2019-07-21,32
QUEENS,2019-08-10,12
BRONX,2019-08-18,66
QUEENS,2019-08-29,10
MANHATTAN,2019-09-16,25
BROOKLYN,2019-09-18,69
QUEENS,2019-11-08,68
STATEN ISLAND,2018-03-14,18
STATEN ISLAND,2018-03-23,12
QUEENS,2018-01-17,40
BRONX,2018-02-25,55
MANHATTAN,2018-03-15,153
STATEN ISLAND,2018-05-20,5
BRONX,2018-06-16,48
QUEENS,2018-06-19,13
BROOKLYN,2018-06-21,25
BROOKLYN,2018-07-14,51
BRONX,2018-07-18,59
STATEN ISLAND,2018-08-30,6
STATEN ISLAND,2018-09-30,10
BRONX,2018-10-13,71
QUEENS,2018-11-01,10
MANHATTAN,2018-11-05,57
STATEN ISLAND,2019-01-21,1
BRONX,2019-01-28,26
BROOKLYN,2019-03-20,117
STATEN ISLAND,2019-03-31,3
STATEN ISLAND,2019-04-03,24
BRONX,2019-04-20,39
QUEENS,2019-07-07,34
QUEENS,2019-08-12,14
QUEENS,2019-09-29,8
QUEENS,2019-12-29,13
BROOKLYN,2018-05-11,85
QUEENS,2018-11-25,15
QUEENS,2018-12-20,27
BROOKLYN,2019-01-04,44
QUEENS,2019-02-28,30
QUEENS,2019-03-18,14
QUEENS,2019-03-20,74
STATEN ISLAND,2019-04-27,15
BROOKLYN,2019-05-22,29
BRONX,2019-05-27,86
BROOKLYN,2019-06-02,38
QUEENS,2019-07-04,35
STATEN ISLAND,2019-07-27,2
QUEENS,2019-08-11,36
STATEN ISLAND,2019-08-29,2
MANHATTAN,2019-09-28,34
BRONX,2019-10-12,25
MANHATTAN,2019-10-26,18
BROOKLYN,2019-11-30,27
BROOKLYN,2018-04-23,26
STATEN ISLAND,2018-05-21,4
STATEN ISLAND,2018-01-05,1
BROOKLYN,2018-01-09,44
BRONX,2018-04-07,58
BRONX,2018-04-27,51
BROOKLYN,2018-05-12,59
BROOKLYN,2018-06-25,32
MANHATTAN,2018-07-03,47
BRONX,2018-09-11,70
MANHATTAN,2018-09-12,73
STATEN ISLAND,2018-10-16,1
BRONX,2018-10-26,53
BROOKLYN,2018-11-06,30
BROOKLYN,2018-11-26,27
BROOKLYN,2019-02-05,51
MANHATTAN,2019-04-23,47
STATEN ISLAND,2019-07-29,3
STATEN ISLAND,2019-09-24,2
QUEENS,2018-09-18,10
STATEN ISLAND,2018-10-05,8
BROOKLYN,2019-01-15,47
MANHATTAN,2019-03-25,41
QUEENS,2019-04-03,25
QUEENS,2019-05-17,12
BRONX,2019-05-19,25
MANHATTAN,2019-08-18,16
MANHATTAN,2019-08-27,146
MANHATTAN,2019-09-05,59
QUEENS,2019-10-30,8
QUEENS,2019-12-02,4
BROOKLYN,2019-12-27,18
STATEN ISLAND,2019-12-28,3
BROOKLYN,2019-12-31,18
MANHATTAN,2018-01-06,64
MANHATTAN,2018-01-10,29
QUEENS,2018-01-24,35
STATEN ISLAND,2018-04-18,8
STATEN ISLAND,2018-05-23,2
STATEN ISLAND,2018-01-14,3
MANHATTAN,2018-01-18,71
STATEN ISLAND,2018-04-13,11
MANHATTAN,2018-04-30,58
BRONX,2018-05-18,53
BROOKLYN,2018-06-19,26
BROOKLYN,2018-10-22,20
BROOKLYN,2018-11-15,26
MANHATTAN,2018-12-30,16
STATEN ISLAND,2019-04-29,4
STATEN ISLAND,2019-06-04,4
MANHATTAN,2019-06-14,40
QUEENS,2019-07-23,54
BRONX,2019-08-09,55
QUEENS,2019-08-27,11
MANHATTAN,2019-08-28,102
QUEENS,2019-09-09,84
STATEN ISLAND,2019-10-01,22
BRONX,2019-11-07,101
BRONX,2019-11-17,34
BROOKLYN,2019-12-01,14
QUEENS,2018-01-16,57
STATEN ISLAND,2018-03-22,16
STATEN ISLAND,2018-05-03,9
MANHATTAN,2018-05-09,61
BROOKLYN,2018-05-20,51
BROOKLYN,2018-08-11,36
MANHATTAN,2018-11-21,38
QUEENS,2018-12-25,2
MANHATTAN,2019-03-06,86
QUEENS,2019-03-15,101
QUEENS,2019-05-12,15
BRONX,2019-06-09,57
BROOKLYN,2019-07-14,39
BROOKLYN,2019-07-16,52
MANHATTAN,2019-08-07,79
BROOKLYN,2019-10-07,18
MANHATTAN,2019-11-22,110
MANHATTAN,2019-12-02,96
BROOKLYN,2018-08-26,62
QUEENS,2018-09-25,10
BROOKLYN,2018-11-09,12
STATEN ISLAND,2018-12-09,3
BROOKLYN,2019-02-18,48
STATEN ISLAND,2019-05-09,9
STATEN ISLAND,2019-06-29,7
BROOKLYN,2019-07-07,38
MANHATTAN,2019-07-20,23
BRONX,2019-08-02,66
BRONX,2019-08-19,40
BRONX,2019-08-28,50
STATEN ISLAND,2019-10-12,2
BROOKLYN,2019-12-02,12
MANHATTAN,2019-12-25,6
BRONX,2018-02-28,53
MANHATTAN,2018-03-10,57
BRONX,2018-03-20,107
BROOKLYN,2018-04-13,96
QUEENS,2018-06-07,24
BROOKLYN,2018-06-11,32
QUEENS,2018-06-27,16
QUEENS,2018-01-09,60
BRONX,2018-01-06,51
BROOKLYN,2018-01-15,61
BRONX,2018-01-26,50
QUEENS,2018-10-07,21
BROOKLYN,2018-12-27,49
MANHATTAN,2019-01-30,60
QUEENS,2019-02-11,25
BRONX,2019-02-19,44
QUEENS,2019-03-17,6
QUEENS,2019-04-08,26
BRONX,2019-05-11,53
BROOKLYN,2019-05-25,33
STATEN ISLAND,2019-05-30,7
STATEN ISLAND,2019-06-08,6
BROOKLYN,2019-08-05,71
QUEENS,2019-09-10,95
QUEENS,2019-10-09,16
QUEENS,2019-11-22,19
MANHATTAN,2019-11-28,8
BRONX,2019-12-28,29
MANHATTAN,2018-06-29,38
STATEN ISLAND,2018-08-10,2
QUEENS,2019-01-15,16
STATEN ISLAND,2019-04-20,14
MANHATTAN,2019-05-07,123
QUEENS,2019-06-08,24
STATEN ISLAND,2019-08-01,12
BROOKLYN,2019-09-27,28
STATEN ISLAND,2019-10-20,3
BROOKLYN,2019-11-12,6
MANHATTAN,2018-02-04,31
BRONX,2018-02-06,78
QUEENS,2018-02-17,36
QUEENS,2018-02-25,24
STATEN ISLAND,2018-03-13,1
BROOKLYN,2018-04-30,16
STATEN ISLAND,2018-05-06,19
STATEN ISLAND,2018-05-19,2
MANHATTAN,2018-06-09,33
BRONX,2018-06-29,46
MANHATTAN,2018-07-06,98
STATEN ISLAND,2018-07-18,5
BRONX,2018-02-08,53
QUEENS,2018-03-15,33
BROOKLYN,2018-06-03,30
BROOKLYN,2018-06-10,46
STATEN ISLAND,2018-06-28,11
BROOKLYN,2018-10-21,29
BROOKLYN,2018-12-08,40
QUEENS,2018-12-28,25
MANHATTAN,2019-01-17,80
QUEENS,2019-03-05,135
BRONX,2019-05-09,44
BRONX,2019-06-30,27
BROOKLYN,2019-07-12,38
MANHATTAN,2019-08-25,17
BROOKLYN,2019-10-06,15
BROOKLYN,2019-11-25,68
STATEN ISLAND,2019-12-07,3
BROOKLYN,2018-08-05,63
QUEENS,2018-10-13,83
QUEENS,2019-01-30,10
BRONX,2019-02-09,34
BRONX,2019-03-26,41
BRONX,2019-04-17,78
MANHATTAN,2019-05-17,11
BRONX,2019-07-10,16
QUEENS,2019-07-29,55
MANHATTAN,2019-10-18,47
MANHATTAN,2019-11-07,102
BRONX,2018-01-18,27
BRONX,2018-01-31,34
QUEENS,2018-02-12,25
STATEN ISLAND,2018-02-16,12
BROOKLYN,2018-03-31,54
MANHATTAN,2018-04-16,30
BRONX,2018-04-22,69
QUEENS,2018-05-04,42
BRONX,2018-05-16,61
MANHATTAN,2018-05-18,33
STATEN ISLAND,2018-02-01,12
STATEN ISLAND,2018-03-25,13
BROOKLYN,2018-06-15,44
BRONX,2018-07-25,43
BROOKLYN,2018-07-29,60
QUEENS,2018-08-03,41
BROOKLYN,2018-08-31,31
BROOKLYN,2018-10-15,30
MANHATTAN,2018-10-24,47
MANHATTAN,2018-11-28,31
MANHATTAN,2018-12-08,25
QUEENS,2018-12-29,18
QUEENS,2019-03-21,13
BROOKLYN,2019-05-21,22
BRONX,2019-08-01,43
QUEENS,2019-08-16,11
STATEN ISLAND,2019-08-27,24
BRONX,2019-10-02,52
MANHATTAN,2019-10-13,8
BRONX,2019-10-20,7
BRONX,2019-10-27,25
MANHATTAN,2019-10-27,8
BRONX,2019-12-21,31
QUEENS,2019-12-26,18
STATEN ISLAND,2018-09-18,4
BROOKLYN,2018-09-25,12
STATEN ISLAND,2018-11-09,8
BROOKLYN,2018-11-30,41
QUEENS,2018-12-15,31
QUEENS,2018-12-22,29
QUEENS,2019-01-24,18
MANHATTAN,2019-03-15,30
STATEN ISLAND,2019-04-26,4
MANHATTAN,2019-05-20,52
MANHATTAN,2019-05-21,47
BROOKLYN,2019-06-06,93
BROOKLYN,2019-06-17,31
BROOKLYN,2019-07-29,25
QUEENS,2019-08-26,15
STATEN ISLAND,2019-10-16,2
BROOKLYN,2019-10-19,28
STATEN ISLAND,2019-10-23,1
MANHATTAN,2019-11-21,85
MANHATTAN,2019-12-26,87
BRONX,2018-01-20,58
STATEN ISLAND,2018-05-13,4
QUEENS,2018-06-11,17
BROOKLYN,2018-06-17,38
MANHATTAN,2018-06-27,38
BROOKLYN,2018-07-02,66
BRONX,2018-03-06,30
MANHATTAN,2018-04-02,53
QUEENS,2018-04-21,34
MANHATTAN,2018-04-24,50
BRONX,2018-07-28,79
QUEENS,2018-11-21,34
BRONX,2018-12-26,37
BRONX,2019-01-17,62
BRONX,2019-03-08,57
BROOKLYN,2019-04-03,182
MANHATTAN,2019-12-08,10
STATEN ISLAND,2018-07-26,5
BRONX,2018-09-24,17
STATEN ISLAND,2018-10-06,5
MANHATTAN,2018-10-08,11
QUEENS,2019-03-02,7
BROOKLYN,2019-03-04,28
MANHATTAN,2019-03-24,5
BROOKLYN,2019-04-05,94
QUEENS,2019-08-21,3
BRONX,2019-11-30,29
MANHATTAN,2018-04-18,68
BRONX,2018-04-18,26
BROOKLYN,2018-05-02,80
STATEN ISLAND,2018-05-02,7
BRONX,2018-05-27,65
MANHATTAN,2018-06-18,52
MANHATTAN,2018-06-20,44
STATEN ISLAND,2018-07-08,24
BRONX,2018-03-01,47
QUEENS,2018-03-31,30
MANHATTAN,2018-04-13,73
BRONX,2018-05-07,36
STATEN ISLAND,2018-05-08,9
STATEN ISLAND,2018-07-14,12
MANHATTAN,2018-08-08,100
MANHATTAN,2018-08-12,132
QUEENS,2018-10-18,26
MANHATTAN,2018-11-10,39
QUEENS,2019-02-22,47
MANHATTAN,2019-04-29,38
MANHATTAN,2019-06-08,21
BROOKLYN,2019-10-15,28
QUEENS,2019-11-18,63
MANHATTAN,2018-07-30,21
BROOKLYN,2018-08-18,47
STATEN ISLAND,2018-08-21,5
BRONX,2018-08-27,41
BRONX,2018-08-30,38
MANHATTAN,2018-10-05,67
QUEENS,2018-10-23,45
BROOKLYN,2018-12-06,33
MANHATTAN,2018-12-18,68
BRONX,2019-02-23,51
STATEN ISLAND,2019-03-12,15
STATEN ISLAND,2019-04-24,13
BROOKLYN,2019-07-17,29
QUEENS,2019-08-24,13
QUEENS,2019-11-02,6
QUEENS,2019-12-28,6
BRONX,2018-01-28,47
BRONX,2018-02-12,75
STATEN ISLAND,2018-02-14,7
MANHATTAN,2018-02-21,77
STATEN ISLAND,2018-04-01,9
BROOKLYN,2018-05-27,60
BRONX,2018-11-28,27
STATEN ISLAND,2018-12-11,15
QUEENS,2018-12-18,21
MANHATTAN,2018-12-31,1
QUEENS,2019-01-27,20
MANHATTAN,2019-03-03,15
BRONX,2019-03-29,27
MANHATTAN,2019-04-12,25
QUEENS,2019-04-16,31
BRONX,2019-05-31,108
MANHATTAN,2019-08-23,82
MANHATTAN,2019-08-30,36
QUEENS,2019-10-22,49
QUEENS,2019-11-01,51
STATEN ISLAND,2019-11-05,2
MANHATTAN,2019-11-14,21
BROOKLYN,2019-11-29,48
MANHATTAN,2018-03-06,106
QUEENS,2018-04-07,37
MANHATTAN,2018-04-07,33
BRONX,2018-05-05,52
STATEN ISLAND,2018-05-05,3
BROOKLYN,2018-06-26,35
MANHATTAN,2018-07-16,31
STATEN ISLAND,2018-07-21,6
BROOKLYN,2018-12-15,32
MANHATTAN,2018-12-20,62
MANHATTAN,2018-12-22,31
BRONX,2018-12-30,26
BRONX,2019-03-13,45
MANHATTAN,2019-06-03,55
BRONX,2019-07-20,71
BRONX,2019-08-30,33
BRONX,2019-12-31,25
STATEN ISLAND,2018-01-13,7
QUEENS,2018-01-31,81
QUEENS,2018-02-16,32
STATEN ISLAND,2018-02-25,4
BROOKLYN,2018-03-29,36
BROOKLYN,2018-04-21,72
STATEN ISLAND,2018-06-26,1
QUEENS,2018-07-02,16
BROOKLYN,2018-07-04,31
BROOKLYN,2018-08-06,74
STATEN ISLAND,2018-08-08,1
BRONX,2018-08-13,39
BROOKLYN,2018-08-20,22
QUEENS,2018-11-02,23
QUEENS,2018-11-22,14
STATEN ISLAND,2019-01-02,13
BROOKLYN,2019-02-25,22
BROOKLYN,2019-02-27,58
BROOKLYN,2019-05-11,62
MANHATTAN,2019-07-06,20
MANHATTAN,2019-09-30,123
QUEENS,2019-10-13,19
STATEN ISLAND,2019-11-03,5
BRONX,2018-08-02,46
BRONX,2018-10-10,96
BRONX,2018-12-20,25
BROOKLYN,2019-07-27,78
BRONX,2019-07-31,39
QUEENS,2019-09-03,73
MANHATTAN,2019-09-13,82
BROOKLYN,2018-02-11,43
MANHATTAN,2018-02-15,103
MANHATTAN,2018-03-11,54
QUEENS,2018-03-29,44
BROOKLYN,2018-04-11,106
BRONX,2018-04-20,29
QUEENS,2018-01-06,26
MANHATTAN,2018-02-05,105
MANHATTAN,2018-04-05,189
QUEENS,2018-04-20,41
QUEENS,2018-04-30,15
BRONX,2018-06-28,35
MANHATTAN,2018-07-15,22
STATEN ISLAND,2018-08-11,7
BRONX,2018-09-03,57
BRONX,2018-11-07,38
BRONX,2018-11-15,14
STATEN ISLAND,2019-01-06,9
BROOKLYN,2019-04-18,22
BRONX,2019-06-23,39
STATEN ISLAND,2019-07-06,28
STATEN ISLAND,2019-11-22,3
BRONX,2019-12-13,24
BRONX,2019-12-24,10
QUEENS,2019-12-27,19
BROOKLYN,2018-03-28,112
QUEENS,2018-04-14,33
MANHATTAN,2018-05-11,47
MANHATTAN,2018-05-22,161
QUEENS,2018-06-01,28
MANHATTAN,2018-09-17,92
BRONX,2018-09-18,35
BRONX,2018-09-26,22
BRONX,2018-11-22,8
STATEN ISLAND,2018-12-04,6
QUEENS,2019-01-26,29
QUEENS,2019-02-16,62
BRONX,2019-02-24,41
MANHATTAN,2019-04-24,42
QUEENS,2019-06-22,25
MANHATTAN,2019-07-30,80
STATEN ISLAND,2019-09-15,7
BROOKLYN,2019-12-09,8
MANHATTAN,2018-08-20,23
BRONX,2018-11-09,33
QUEENS,2018-11-10,23
BROOKLYN,2019-01-31,12
BROOKLYN,2019-02-09,22
STATEN ISLAND,2019-02-27,3
QUEENS,2019-03-01,16
STATEN ISLAND,2019-03-27,3
BROOKLYN,2019-08-16,79
BROOKLYN,2019-10-10,28
MANHATTAN,2019-12-13,18
BROOKLYN,2018-01-05,19
QUEENS,2018-02-08,84
BROOKLYN,2018-02-19,45
QUEENS,2018-03-04,45
BROOKLYN,2018-03-22,49
BROOKLYN,2018-03-23,36
MANHATTAN,2018-04-29,20
STATEN ISLAND,2018-01-26,7
QUEENS,2018-02-06,69
BRONX,2018-02-07,33
STATEN ISLAND,2018-03-04,10
STATEN ISLAND,2018-03-06,1
QUEENS,2018-04-18,36
MANHATTAN,2018-04-21,21
QUEENS,2018-07-09,25
BRONX,2018-08-06,49
STATEN ISLAND,2018-08-25,4
MANHATTAN,2018-10-01,22
QUEENS,2018-10-02,56
MANHATTAN,2018-11-02,60
STATEN ISLAND,2018-11-30,6
QUEENS,2019-01-18,19
BROOKLYN,2019-04-14,69
BRONX,2019-04-14,29
MANHATTAN,2019-05-27,16
MANHATTAN,2019-07-18,63
QUEENS,2019-07-28,11
BROOKLYN,2019-08-11,29
MANHATTAN,2019-08-12,75
BRONX,2019-09-20,70
MANHATTAN,2019-10-08,131
MANHATTAN,2019-12-04,29
STATEN ISLAND,2019-12-05,6
BROOKLYN,2018-07-23,42
BROOKLYN,2018-06-29,56
MANHATTAN,2018-08-13,98
STATEN ISLAND,2018-09-14,2
QUEENS,2018-10-31,19
MANHATTAN,2018-12-10,55
STATEN ISLAND,2019-02-13,31
BROOKLYN,2019-04-22,103
MANHATTAN,2019-06-07,50
QUEENS,2019-06-21,74
QUEENS,2019-06-30,22
MANHATTAN,2019-07-01,102
STATEN ISLAND,2019-07-13,7
BRONX,2019-10-26,31
BRONX,2019-11-22,17
BRONX,2018-02-21,77
BROOKLYN,2018-03-11,54
QUEENS,2018-05-02,36
STATEN ISLAND,2018-07-15,1
BROOKLYN,2018-02-03,76
STATEN ISLAND,2018-08-01,2
MANHATTAN,2018-08-15,52
BRONX,2019-02-20,25
QUEENS,2019-03-12,86
QUEENS,2019-03-24,9
STATEN ISLAND,2019-04-30,6
BRONX,2019-06-28,31
MANHATTAN,2019-07-11,91
BRONX,2019-08-27,39
BROOKLYN,2019-09-16,56
MANHATTAN,2019-11-03,10
QUEENS,2018-07-04,30
BRONX,2018-08-23,56
BROOKLYN,2018-09-20,39
MANHATTAN,2018-10-27,23
STATEN ISLAND,2018-12-13,10
STATEN ISLAND,2018-12-30,2
MANHATTAN,2019-03-29,44
BRONX,2019-04-04,76
STATEN ISLAND,2019-06-10,1
BRONX,2019-08-05,38
STATEN ISLAND,2019-08-13,15
MANHATTAN,2019-09-04,80
QUEENS,2019-09-23,8
QUEENS,2019-10-26,14
BRONX,2018-01-17,38
MANHATTAN,2018-03-05,96
QUEENS,2018-03-26,14
MANHATTAN,2018-04-25,79
QUEENS,2018-05-16,46
BROOKLYN,2018-05-29,108
QUEENS,2018-07-23,4
STATEN ISLAND,2018-01-02,4
BROOKLYN,2018-01-16,63
STATEN ISLAND,2018-03-19,12
MANHATTAN,2018-04-11,96
BRONX,2018-04-14,58
STATEN ISLAND,2018-04-23,2
QUEENS,2018-05-12,33
QUEENS,2018-05-17,31
BROOKLYN,2018-09-09,25
QUEENS,2018-11-06,13
MANHATTAN,2019-01-13,25
BRONX,2019-01-25,41
MANHATTAN,2019-04-26,44
BRONX,2019-07-24,28
QUEENS,2019-08-01,73
BRONX,2019-09-18,38
STATEN ISLAND,2019-09-20,6
BROOKLYN,2019-10-13,41
QUEENS,2019-11-03,15
BRONX,2019-12-11,51
BRONX,2018-07-20,52
MANHATTAN,2018-08-26,20
STATEN ISLAND,2018-08-26,8
STATEN ISLAND,2018-08-29,2
BROOKLYN,2018-10-11,23
BROOKLYN,2018-11-23,21
BRONX,2018-12-29,32
BROOKLYN,2019-01-03,33
BROOKLYN,2019-01-13,49
BRONX,2019-02-12,20
QUEENS,2019-05-08,23
QUEENS,2019-08-05,19
BROOKLYN,2019-11-26,96
QUEENS,2019-12-06,10
BROOKLYN,2019-12-19,4
MANHATTAN,2018-01-12,63
BROOKLYN,2018-07-08,47
STATEN ISLAND,2018-07-12,9
STATEN ISLAND,2018-02-10,2
MANHATTAN,2018-08-17,35
BROOKLYN,2018-10-17,43
BRONX,2018-11-29,35
STATEN ISLAND,2018-12-27,2
MANHATTAN,2019-02-09,47
BROOKLYN,2019-04-20,32
BRONX,2019-05-04,46
MANHATTAN,2019-07-03,90
BROOKLYN,2019-09-11,30
STATEN ISLAND,2018-11-17,9
BROOKLYN,2018-12-12,24
STATEN ISLAND,2018-12-14,18
BROOKLYN,2018-12-31,18
MANHATTAN,2019-02-06,33
BROOKLYN,2019-02-23,28
QUEENS,2019-03-19,28
MANHATTAN,2019-05-29,52
QUEENS,2019-07-16,141
MANHATTAN,2019-12-06,100
QUEENS,2019-12-17,12
MANHATTAN,2018-03-07,14
BRONX,2018-05-04,61
QUEENS,2018-05-18,65
BRONX,2018-01-07,40
QUEENS,2018-03-30,32
QUEENS,2018-04-11,56
BRONX,2018-05-11,80
BROOKLYN,2018-10-19,111
BROOKLYN,2018-12-07,27
QUEENS,2019-01-03,28
STATEN ISLAND,2019-01-04,22
STATEN ISLAND,2019-02-22,37
BRONX,2019-03-25,27
BROOKLYN,2019-04-27,22
BROOKLYN,2019-07-26,29
BRONX,2019-08-22,45
BROOKLYN,2019-08-26,78
BRONX,2019-09-24,17
BROOKLYN,2019-09-26,23
QUEENS,2019-11-21,8
MANHATTAN,2019-12-18,125
STATEN ISLAND,2019-12-19,48
BROOKLYN,2018-07-07,81
BRONX,2018-09-06,47
BROOKLYN,2018-09-08,51
STATEN ISLAND,2018-10-24,10
MANHATTAN,2019-03-14,51
MANHATTAN,2019-09-12,81
STATEN ISLAND,2019-11-18,1
QUEENS,2019-11-30,11
BROOKLYN,2019-12-20,12
STATEN ISLAND,2019-12-29,1
BRONX,2018-05-20,42
BROOKLYN,2018-07-09,35
BROOKLYN,2018-01-02,42
BROOKLYN,2018-01-13,59
BROOKLYN,2018-01-22,51
BRONX,2018-02-19,75
MANHATTAN,2018-03-21,14
MANHATTAN,2018-06-17,16
BROOKLYN,2018-08-01,56
BRONX,2018-10-27,26
QUEENS,2018-12-19,29
BRONX,2018-12-24,6
MANHATTAN,2019-02-08,67
BRONX,2019-02-28,25
QUEENS,2019-09-12,105
STATEN ISLAND,2019-12-21,2
MANHATTAN,2018-12-03,24
MANHATTAN,2019-03-26,57
BROOKLYN,2019-08-18,34
MANHATTAN,2019-09-18,105
MANHATTAN,2019-10-02,150
MANHATTAN,2019-10-14,11
STATEN ISLAND,2019-10-14,2
BRONX,2019-11-14,70
BRONX,2019-11-26,22
STATEN ISLAND,2018-01-24,25
MANHATTAN,2018-01-30,82
STATEN ISLAND,2018-04-07,6
STATEN ISLAND,2018-06-11,1
MANHATTAN,2018-06-25,52
MANHATTAN,2018-01-26,95
QUEENS,2018-04-04,24
MANHATTAN,2018-06-21,98
MANHATTAN,2018-08-28,26
BRONX,2018-09-28,39
STATEN ISLAND,2018-11-01,18
QUEENS,2018-12-07,22
STATEN ISLAND,2018-12-23,2
STATEN ISLAND,2019-03-29,8
STATEN ISLAND,2019-04-04,8
BRONX,2019-04-15,18
BROOKLYN,2019-06-10,83
BROOKLYN,2019-07-21,34
BRONX,2019-10-06,19
MANHATTAN,2018-08-21,78
BRONX,2018-08-28,41
STATEN ISLAND,2018-09-28,1
STATEN ISLAND,2018-11-06,6
STATEN ISLAND,2019-01-24,4
STATEN ISLAND,2019-06-13,15
QUEENS,2019-06-24,84
BRONX,2019-09-07,37
MANHATTAN,2019-10-03,139
QUEENS,2019-10-24,51
BRONX,2019-11-01,97
BRONX,2019-11-10,44
QUEENS,2019-11-13,75
BROOKLYN,2019-12-28,28
BRONX,2018-01-03,58
BRONX,2018-03-11,44
BRONX,2018-03-27,29
BROOKLYN,2018-07-03,62
STATEN ISLAND,2018-07-16,4
QUEENS,2018-04-08,41
QUEENS,2018-04-16,9
BRONX,2018-04-17,33
BROOKLYN,2018-05-24,55
BROOKLYN,2018-06-16,54
QUEENS,2018-07-25,23
STATEN ISLAND,2018-09-23,7
BRONX,2018-09-30,40
QUEENS,2019-01-20,26
BROOKLYN,2019-05-15,46
BROOKLYN,2019-06-13,88
BRONX,2019-07-19,68
QUEENS,2019-10-11,17
QUEENS,2019-10-23,79
BROOKLYN,2019-12-16,24
BRONX,2018-08-03,54
STATEN ISLAND,2018-08-12,17
QUEENS,2018-10-05,31
STATEN ISLAND,2018-10-21,8
STATEN ISLAND,2018-10-23,7
QUEENS,2018-11-17,24
BROOKLYN,2019-01-19,29
MANHATTAN,2019-02-05,57
BROOKLYN,2019-03-07,45
STATEN ISLAND,2019-04-05,18
STATEN ISLAND,2019-06-16,7
BROOKLYN,2019-08-10,58
BRONX,2019-10-22,28
BRONX,2018-01-14,48
STATEN ISLAND,2018-02-12,3
STATEN ISLAND,2018-03-20,7
MANHATTAN,2018-05-01,75
BRONX,2018-06-30,77
STATEN ISLAND,2018-02-09,2
MANHATTAN,2018-04-04,68
BRONX,2018-05-09,38
STATEN ISLAND,2018-05-07,1
MANHATTAN,2018-05-10,53
BRONX,2018-05-31,32
BRONX,2018-08-01,36
MANHATTAN,2018-08-06,38
QUEENS,2018-08-07,54
MANHATTAN,2018-08-10,56
STATEN ISLAND,2018-07-30,1
STATEN ISLAND,2019-02-25,1
BRONX,2019-05-05,22
MANHATTAN,2019-05-26,18
BRONX,2019-09-08,50
BRONX,2019-09-30,21
MANHATTAN,2019-12-30,87
MANHATTAN,2018-09-15,21
BRONX,2018-10-14,36
MANHATTAN,2018-12-13,67
BROOKLYN,2019-05-31,33
QUEENS,2019-06-01,35
BRONX,2019-06-14,40
QUEENS,2019-09-30,10
BRONX,2019-11-24,13
MANHATTAN,2019-11-30,23
MANHATTAN,2018-03-20,72
STATEN ISLAND,2018-04-06,8
BRONX,2018-04-11,43
MANHATTAN,2018-04-15,16
BRONX,2018-05-21,29
STATEN ISLAND,2018-03-24,5
QUEENS,2018-07-13,30
QUEENS,2018-08-26,16
STATEN ISLAND,2018-10-03,26
QUEENS,2018-10-04,22
BRONX,2018-11-02,57
QUEENS,2018-11-16,16
BROOKLYN,2018-12-28,23
QUEENS,2019-01-21,10
MANHATTAN,2019-01-29,113
MANHATTAN,2019-02-19,178
QUEENS,2019-04-09,60
BROOKLYN,2019-07-05,77
BROOKLYN,2019-08-20,70
STATEN ISLAND,2019-09-04,40
BROOKLYN,2019-09-10,27
STATEN ISLAND,2019-09-22,11
BRONX,2019-11-04,93
QUEENS,2018-08-02,37
STATEN ISLAND,2018-09-13,6
BROOKLYN,2018-11-19,31
QUEENS,2019-01-06,21
BROOKLYN,2019-04-13,37
BROOKLYN,2019-04-26,101
MANHATTAN,2019-05-15,153
STATEN ISLAND,2019-05-29,5
BROOKLYN,2019-06-16,34
STATEN ISLAND,2019-08-18,12
MANHATTAN,2019-08-20,64
BRONX,2019-09-23,28
STATEN ISLAND,2019-11-06,60
QUEENS,2019-11-10,17
BRONX,2019-11-16,23
BROOKLYN,2018-01-14,115
BROOKLYN,2018-01-23,44
BROOKLYN,2018-01-26,68
QUEENS,2018-03-27,34
STATEN ISLAND,2018-04-16,3
BRONX,2018-06-01,47
BROOKLYN,2018-04-24,28
MANHATTAN,2018-06-12,17
BROOKLYN,2018-08-07,25
STATEN ISLAND,2018-08-18,4
STATEN ISLAND,2018-08-23,8
MANHATTAN,2018-09-14,66
QUEENS,2019-01-09,23
BRONX,2019-04-27,29
BROOKLYN,2019-05-19,29
QUEENS,2019-05-28,7
STATEN ISLAND,2019-08-02,13
BRONX,2019-09-01,42
BROOKLYN,2019-09-21,44
BRONX,2018-09-13,57
MANHATTAN,2018-09-27,12
MANHATTAN,2018-10-31,53
MANHATTAN,2018-11-01,134
STATEN ISLAND,2019-05-23,12
BROOKLYN,2019-06-11,110
BRONX,2019-07-13,53
STATEN ISLAND,2019-08-05,10
BRONX,2019-09-25,18
QUEENS,2019-10-17,80
BRONX,2019-10-25,22
STATEN ISLAND,2019-11-19,2
MANHATTAN,2019-11-20,44
BRONX,2018-02-03,78
BROOKLYN,2018-02-05,28
STATEN ISLAND,2018-03-10,10
QUEENS,2018-04-05,15
STATEN ISLAND,2018-04-25,6
BROOKLYN,2018-05-21,26
MANHATTAN,2018-05-31,136
QUEENS,2018-01-07,23
BROOKLYN,2018-04-22,60
BROOKLYN,2018-04-29,65
BRONX,2018-06-26,26
STATEN ISLAND,2018-07-20,7
STATEN ISLAND,2018-09-29,2
BROOKLYN,2018-11-02,32
QUEENS,2018-11-18,33
MANHATTAN,2018-11-23,25
MANHATTAN,2019-01-31,28
STATEN ISLAND,2019-04-13,2
BROOKLYN,2019-04-17,13
STATEN ISLAND,2019-07-15,3
MANHATTAN,2019-09-11,32
BRONX,2019-12-08,19
QUEENS,2019-12-23,14
BROOKLYN,2019-12-30,15
QUEENS,2018-01-05,12
BROOKLYN,2018-03-20,40
BROOKLYN,2018-04-03,14
BROOKLYN,2018-05-14,39
BRONX,2018-05-22,24
MANHATTAN,2018-06-16,33
QUEENS,2018-06-25,13
BRONX,2018-07-11,26
MANHATTAN,2018-07-23,17
BROOKLYN,2018-10-02,28
STATEN ISLAND,2018-12-05,21
STATEN ISLAND,2018-12-25,8
BROOKLYN,2019-05-16,38
MANHATTAN,2019-06-17,50
MANHATTAN,2019-08-26,64
BRONX,2018-09-08,65
BROOKLYN,2018-10-31,50
STATEN ISLAND,2018-11-24,2
STATEN ISLAND,2018-12-06,3
BROOKLYN,2019-01-02,39
MANHATTAN,2019-01-03,94
STATEN ISLAND,2019-01-05,2
BRONX,2019-01-15,45
MANHATTAN,2019-01-28,71
BRONX,2019-02-01,45
BRONX,2019-02-18,47
STATEN ISLAND,2019-03-06,4
QUEENS,2019-04-21,14
QUEENS,2019-06-09,20
STATEN ISLAND,2019-07-26,14
QUEENS,2019-09-15,20
STATEN ISLAND,2019-11-25,4
STATEN ISLAND,2018-01-11,11
BROOKLYN,2018-03-06,39
BROOKLYN,2018-04-15,55
QUEENS,2018-04-22,25
BROOKLYN,2018-04-26,30
STATEN ISLAND,2018-05-15,5
BRONX,2018-06-10,56
QUEENS,2018-07-16,21
QUEENS,2018-01-20,57
QUEENS,2018-02-07,37
MANHATTAN,2018-03-19,121
MANHATTAN,2018-05-24,82
QUEENS,2018-06-15,38
STATEN ISLAND,2018-08-17,3
BROOKLYN,2018-10-03,15
STATEN ISLAND,2018-11-15,1
MANHATTAN,2019-01-05,9
BRONX,2019-01-09,50
QUEENS,2019-02-06,92
MANHATTAN,2019-03-17,15
BROOKLYN,2019-04-25,108
QUEENS,2019-04-30,11
MANHATTAN,2019-05-14,169
STATEN ISLAND,2019-08-10,2
MANHATTAN,2019-10-22,152
BROOKLYN,2019-11-09,26
QUEENS,2018-05-06,16
BRONX,2018-11-24,25
STATEN ISLAND,2019-01-03,2
BROOKLYN,2019-01-17,92
MANHATTAN,2019-04-13,31
MANHATTAN,2019-06-29,14
MANHATTAN,2019-08-06,76
MANHATTAN,2019-10-07,122
BRONX,2019-12-05,53
BRONX,2018-05-02,55
BRONX,2018-07-12,42
STATEN ISLAND,2018-07-24,17
QUEENS,2018-05-07,40
MANHATTAN,2018-06-13,75
BRONX,2018-07-06,72
QUEENS,2018-07-17,103
STATEN ISLAND,2018-09-16,21
BRONX,2018-11-03,66
BRONX,2018-11-18,36
BROOKLYN,2018-11-20,52
STATEN ISLAND,2018-11-23,6
BRONX,2019-01-19,46
BROOKLYN,2019-01-21,23
STATEN ISLAND,2019-04-07,2
MANHATTAN,2019-04-15,106
STATEN ISLAND,2019-06-30,8
MANHATTAN,2019-07-15,43
QUEENS,2019-07-17,73
MANHATTAN,2019-10-15,144
STATEN ISLAND,2019-11-09,6
BROOKLYN,2019-11-15,23
BROOKLYN,2018-07-20,107
QUEENS,2018-09-11,35
BROOKLYN,2018-10-06,65
MANHATTAN,2018-10-15,18
BRONX,2018-11-30,30
STATEN ISLAND,2018-12-16,2
STATEN ISLAND,2019-01-20,1
BROOKLYN,2019-03-08,38
BROOKLYN,2019-04-30,89
BROOKLYN,2019-05-12,37
QUEENS,2019-05-22,9
BROOKLYN,2019-06-08,36
BROOKLYN,2019-06-26,18
STATEN ISLAND,2019-07-04,7
BRONX,2019-07-25,27
BROOKLYN,2019-09-07,34
MANHATTAN,2019-10-06,11
STATEN ISLAND,2019-10-11,3
STATEN ISLAND,2019-11-10,7
MANHATTAN,2019-11-19,13
BRONX,2018-01-05,21
BROOKLYN,2018-01-24,179
BRONX,2018-02-10,56
MANHATTAN,2018-04-08,34
BRONX,2018-04-21,35
QUEENS,2018-04-26,35
BROOKLYN,2018-05-22,33
BRONX,2018-05-24,93
STATEN ISLAND,2018-06-12,3
BRONX,2018-02-16,58
BROOKLYN,2018-06-04,42
BRONX,2018-07-29,107
QUEENS,2018-10-22,13
QUEENS,2019-02-07,39
QUEENS,2019-05-13,12
STATEN ISLAND,2019-04-16,2
BROOKLYN,2019-06-24,17
BRONX,2019-07-03,63
BROOKLYN,2019-07-15,27
QUEENS,2019-11-07,10
BRONX,2019-11-21,37
BRONX,2019-12-29,12
STATEN ISLAND,2018-07-27,5
BROOKLYN,2018-07-27,46
BROOKLYN,2018-09-16,43
STATEN ISLAND,2018-09-17,8
BRONX,2018-11-08,40
MANHATTAN,2018-11-15,70
BROOKLYN,2019-02-01,54
BRONX,2019-02-05,47
BRONX,2019-04-01,40
STATEN ISLAND,2019-05-16,16
STATEN ISLAND,2019-06-06,8
QUEENS,2019-08-18,14
STATEN ISLAND,2019-09-12,1
STATEN ISLAND,2019-09-16,3
QUEENS,2019-09-19,31
BRONX,2019-11-05,146
QUEENS,2019-11-09,15
STATEN ISLAND,2019-12-16,4
STATEN ISLAND,2018-01-12,3
MANHATTAN,2018-01-20,16
STATEN ISLAND,2018-02-06,2
BROOKLYN,2018-04-04,90
BRONX,2018-04-12,52
MANHATTAN,2018-05-19,32
BRONX,2018-06-18,31
QUEENS,2018-06-21,17
BRONX,2018-01-12,39
BROOKLYN,2018-02-04,53
BRONX,2018-03-24,58
BROOKLYN,2018-05-09,81
QUEENS,2018-06-05,58
QUEENS,2018-06-09,40
QUEENS,2018-07-12,12
BROOKLYN,2018-10-27,35
MANHATTAN,2018-11-06,72
BROOKLYN,2018-12-16,26
STATEN ISLAND,2019-01-09,2
BRONX,2019-02-14,26
QUEENS,2019-04-05,24
BRONX,2019-04-16,48
STATEN ISLAND,2019-05-04,13
BRONX,2019-05-17,63
STATEN ISLAND,2019-08-15,2
QUEENS,2019-09-13,84
QUEENS,2019-10-08,11
BROOKLYN,2019-10-14,20
QUEENS,2019-11-04,5
MANHATTAN,2019-11-06,82
STATEN ISLAND,2019-12-27,1
BRONX,2018-07-24,187
MANHATTAN,2018-09-19,82
QUEENS,2018-09-21,28
MANHATTAN,2018-11-20,111
STATEN ISLAND,2019-02-07,8
BRONX,2019-03-16,61
QUEENS,2019-05-31,18
MANHATTAN,2019-06-11,47
BRONX,2019-06-15,48
BRONX,2019-06-22,37
BRONX,2019-09-02,21
BROOKLYN,2019-09-29,22
BRONX,2019-10-09,16
BRONX,2019-10-29,77
MANHATTAN,2019-12-24,99
BRONX,2018-01-01,49
MANHATTAN,2018-06-07,112
BRONX,2018-06-08,38
BROOKLYN,2018-01-04,7
QUEENS,2018-07-05,13
STATEN ISLAND,2018-07-17,5
BRONX,2018-08-09,50
BRONX,2018-11-16,19
MANHATTAN,2018-12-12,67
BRONX,2018-12-19,15
BROOKLYN,2019-03-01,33
BROOKLYN,2019-05-09,41
BRONX,2019-05-29,91
QUEENS,2019-06-04,14
MANHATTAN,2019-10-31,32
BROOKLYN,2018-08-15,76
QUEENS,2018-09-16,25
QUEENS,2018-12-01,37
MANHATTAN,2018-12-28,41
MANHATTAN,2019-01-08,16
STATEN ISLAND,2019-01-23,13
BROOKLYN,2019-07-31,20
BROOKLYN,2019-09-23,20
MANHATTAN,2019-10-04,161
BROOKLYN,2018-03-24,65
BROOKLYN,2018-01-12,34
BRONX,2018-03-31,47
BROOKLYN,2018-04-06,53
QUEENS,2018-05-13,37
STATEN ISLAND,2018-07-19,2
STATEN ISLAND,2018-07-28,7
STATEN ISLAND,2018-08-07,5
QUEENS,2018-10-12,25
MANHATTAN,2018-10-26,74
MANHATTAN,2018-10-30,44
BROOKLYN,2018-12-04,43
QUEENS,2018-12-06,13
BRONX,2018-12-21,14
MANHATTAN,2018-12-27,31
MANHATTAN,2019-04-17,139
QUEENS,2019-07-05,32
BROOKLYN,2019-07-18,40
QUEENS,2019-08-13,26
STATEN ISLAND,2019-08-14,9
